y,fish,stage,day,plotday
-2.765430943,10,Baseline,1.0,1
110.1973336,10,Baseline,1.0,1
-5.197914951,10,Baseline,1.0,1
-4.254510169,10,Baseline,1.0,1
-114.9459236,10,Baseline,1.0,1
-1.347615323,10,Baseline,1.0,1
-26.8563062,10,Baseline,2.0,2
3.142475961,10,Baseline,2.0,2
-93.42504433,10,Baseline,2.0,2
16.13635705,10,Baseline,2.0,2
-3.470512817,10,Baseline,2.0,2
1.211660671,10,Baseline,2.0,2
124.910831,10,Baseline,3.0,3
-29.02175247,10,Baseline,3.0,3
43.49090262,10,Baseline,3.0,3
95.12218564,10,Baseline,3.0,3
124.836722,10,Baseline,3.0,3
-118.0032013,10,Baseline,3.0,3
62.49223592,10,Baseline,4.0,4
-8.65017076,10,Baseline,4.0,4
-8.050073996,10,Baseline,4.0,4
-3.069850409,10,Baseline,4.0,4
-0.007459659,10,Baseline,4.0,4
-84.77951975,10,Baseline,4.0,4
-0.192939744,10,Baseline,5.0,5
91.32136666,10,Baseline,5.0,5
0.04102915,10,Baseline,5.0,5
-13.002251,10,Baseline,5.0,5
-28.18884082,10,Baseline,5.0,5
-6.036233151,10,Baseline,5.0,5
137.0935739,10,Baseline,6.0,6
-6.857183782,10,Baseline,6.0,6
6.221744717,10,Baseline,6.0,6
-6.641051475,10,Baseline,6.0,6
5.945510761,10,Baseline,6.0,6
-108.1769981,10,Baseline,6.0,6
43.27365097,10,Baseline,7.0,7
-126.0585619,10,Baseline,7.0,7
157.6688963,10,Baseline,7.0,7
144.2814123,10,Baseline,7.0,7
-145.7599614,10,Baseline,7.0,7
-12.42049197,10,Baseline,7.0,7
-117.7675042,10,Baseline,8.0,8
175.9949164,10,Baseline,8.0,8
0.057402018,10,Baseline,8.0,8
-5.356080717,10,Baseline,8.0,8
5.224842886,10,Baseline,8.0,8
-16.84525417,10,Baseline,8.0,8
-122.0540658,10,Baseline,9.0,9
-104.9539037,10,Baseline,9.0,9
-5.984031518,10,Baseline,9.0,9
-23.56014097,10,Baseline,9.0,9
-88.63301268,10,Baseline,9.0,9
-80.11403712,10,Baseline,9.0,9
-164.8067652,10,Baseline,10.0,10
-101.624626,10,Baseline,10.0,10
-40.41033843,10,Baseline,10.0,10
-129.5070606,10,Baseline,10.0,10
1.532479781,10,Baseline,10.0,10
-15.5337581,10,Baseline,10.0,10
-0.044243094,10,Baseline,11.0,11
-131.7336306,10,Baseline,11.0,11
-30.15029843,10,Baseline,11.0,11
-101.9511711,10,Baseline,11.0,11
-135.8349951,10,Baseline,11.0,11
-2.770417759,10,Baseline,11.0,11
-6.497410694,10,Baseline,12.0,12
0.005520909,10,Baseline,12.0,12
-64.70757425,10,Baseline,12.0,12
-3.517728541,10,Baseline,12.0,12
2.244511369,10,Baseline,12.0,12
-4.327489645,10,Baseline,12.0,12
14.92829995,10,Baseline,13.0,13
-5.281107835,10,Baseline,13.0,13
2.730639603,10,Baseline,13.0,13
-5.262071163,10,Baseline,13.0,13
-1.021859262,10,Baseline,13.0,13
-3.681699817,10,Baseline,13.0,13
-6.190819326,10,Baseline,14.0,14
0.167716803,10,Baseline,14.0,14
-131.1292116,10,Baseline,14.0,14
-25.95371808,10,Baseline,14.0,14
-72.685754,10,Baseline,14.0,14
30.94428679,10,Baseline,14.0,14
4.835318399,10,Baseline,15.0,15
-125.2145788,10,Baseline,15.0,15
-10.55367811,10,Baseline,15.0,15
-5.876053225,10,Baseline,15.0,15
25.47745162,10,Baseline,15.0,15
-20.33824821,10,Baseline,15.0,15
0.719754163,10,Baseline,16.0,16
-13.15969289,10,Baseline,16.0,16
-2.35596014,10,Baseline,16.0,16
3.063622629,10,Baseline,16.0,16
1.00950193,10,Baseline,16.0,16
-12.67439698,10,Baseline,16.0,16
-1.642072178,10,Baseline,17.0,17
-1.272752211,10,Baseline,17.0,17
13.96136999,10,Baseline,17.0,17
6.969861776,10,Baseline,17.0,17
5.552899552,10,Baseline,17.0,17
-29.76581255,10,Baseline,17.0,17
-0.347699512,10,Baseline,18.0,18
-4.212342334,10,Baseline,18.0,18
-0.672353509,10,Baseline,18.0,18
-2.906055705,10,Baseline,18.0,18
-5.7621748,10,Baseline,18.0,18
-4.149621364,10,Baseline,18.0,18
-0.527066496,10,Baseline,19.0,19
1.830051303,10,Baseline,19.0,19
-2.979472995,10,Baseline,19.0,19
-5.678771578,10,Baseline,19.0,19
6.89304502,10,Baseline,19.0,19
-1.556872327,10,Baseline,19.0,19
-9.958256416,10,Baseline,20.0,20
-19.65249189,10,Baseline,20.0,20
-39.79042795,10,Baseline,20.0,20
-11.85228727,10,Baseline,20.0,20
-9.862911718,10,Baseline,20.0,20
-5.742908657,10,Baseline,20.0,20
-3.101895763,10,Baseline,21.0,21
-6.656819066,10,Baseline,21.0,21
-61.99721645,10,Baseline,21.0,21
-3.350150941,10,Baseline,21.0,21
0.907170776,10,Baseline,21.0,21
-1.907647316,10,Baseline,21.0,21
-0.479507916,10,Baseline,22.0,22
-14.54253567,10,Baseline,22.0,22
-0.033002378,10,Baseline,22.0,22
0.919756214,10,Baseline,22.0,22
-4.631951668,10,Baseline,22.0,22
-5.867111527,10,Baseline,22.0,22
-5.340352965,10,Baseline,23.0,23
101.6869795,10,Baseline,23.0,23
-1.481745635,10,Baseline,23.0,23
-12.53101485,10,Baseline,23.0,23
-2.461889426,10,Baseline,23.0,23
3.37918827,10,Baseline,23.0,23
-5.814685331,10,Baseline,24.0,24
1.023991487,10,Baseline,24.0,24
-3.918700087,10,Baseline,24.0,24
-13.28164626,10,Baseline,24.0,24
2.124736284,10,Baseline,24.0,24
6.888815635,10,Baseline,24.0,24
0.152574695,10,Baseline,25.0,25
-3.076500943,10,Baseline,25.0,25
-8.907066022,10,Baseline,25.0,25
0.84473332,10,Baseline,25.0,25
11.15537464,10,Baseline,25.0,25
7.404272622,10,Rotation,1.0,26
2.556105944,10,Rotation,1.0,26
8.916918077,10,Rotation,1.0,26
16.920207,10,Rotation,1.0,26
7.321063544,10,Rotation,1.0,26
-8.168749547,10,Rotation,1.0,26
16.87446465,10,Rotation,2.0,27
5.794816804,10,Rotation,2.0,27
24.20868559,10,Rotation,2.0,27
23.36235435,10,Rotation,2.0,27
-117.2680979,10,Rotation,2.0,27
18.4447597,10,Rotation,2.0,27
50.37745656,10,Rotation,3.0,28
50.61404008,10,Rotation,3.0,28
4.257031545,10,Rotation,3.0,28
-9.622742545,10,Rotation,3.0,28
2.485634083,10,Rotation,3.0,28
17.04213655,10,Rotation,3.0,28
-113.0115008,10,Rotation,4.0,29
-3.007601595,10,Rotation,4.0,29
119.3705452,10,Rotation,4.0,29
3.653222771,10,Rotation,4.0,29
-21.36423207,10,Rotation,4.0,29
-131.9000591,10,Rotation,4.0,29
2.55578147,10,Rotation,5.0,30
8.814399902,10,Rotation,5.0,30
38.52394335,10,Rotation,5.0,30
-6.738322299,10,Rotation,5.0,30
8.386667111,10,Rotation,5.0,30
-10.5038753,10,Rotation,5.0,30
9.003493573,10,Rotation,6.0,31
9.54051984,10,Rotation,6.0,31
23.48516511,10,Rotation,6.0,31
5.031138748,10,Rotation,6.0,31
22.62088726,10,Rotation,6.0,31
2.241154547,10,Rotation,6.0,31
-112.2269956,10,Rotation,7.0,32
4.295703671,10,Rotation,7.0,32
1.17476709,10,Rotation,7.0,32
-9.176160771,10,Rotation,7.0,32
-4.832301321,10,Rotation,7.0,32
31.35160482,10,Rotation,7.0,32
12.18964582,10,Rotation,8.0,33
-6.9758916,10,Rotation,8.0,33
-0.305449534,10,Rotation,8.0,33
2.058326608,10,Rotation,8.0,33
5.114541244,10,Rotation,8.0,33
24.41222354,10,Rotation,8.0,33
-7.903134914,10,Rotation,9.0,34
-94.79583431,10,Rotation,9.0,34
-4.041330529,10,Rotation,9.0,34
-9.982083567,10,Rotation,9.0,34
-4.889584425,10,Rotation,9.0,34
-115.7916471,10,Rotation,9.0,34
5.325795353,10,Rotation,10.0,35
-5.053970824,10,Rotation,10.0,35
-8.28086487,10,Rotation,10.0,35
-13.79249741,10,Rotation,10.0,35
-12.91129728,10,Rotation,10.0,35
26.24676356,10,Rotation,10.0,35
2.290672603,10,Rotation,11.0,36
3.219860686,10,Rotation,11.0,36
1.768733122,10,Rotation,11.0,36
2.62677977,10,Rotation,11.0,36
33.64147735,10,Rotation,11.0,36
3.294848981,10,Rotation,11.0,36
5.593137142,10,Rotation,12.0,37
6.321541921,10,Rotation,12.0,37
11.00922304,10,Rotation,12.0,37
-10.55380945,10,Rotation,12.0,37
-15.12872901,10,Rotation,12.0,37
15.38601481,10,Rotation,12.0,37
-8.880225534,10,Rotation,13.0,38
-5.437440993,10,Rotation,13.0,38
-8.892027576,10,Rotation,13.0,38
-2.97449466,10,Rotation,13.0,38
19.36963679,10,Rotation,13.0,38
6.29115805,10,Rotation,13.0,38
-7.069376943,10,Rotation,14.0,39
4.408290021,10,Rotation,14.0,39
-28.0282549,10,Rotation,14.0,39
0.198380565,10,Rotation,14.0,39
-2.210653395,10,Rotation,14.0,39
-7.997607837,10,Rotation,14.0,39
2.173809495,10,Rotation,15.0,40
4.975299771,10,Rotation,15.0,40
-4.902947012,10,Rotation,15.0,40
5.957888086,10,Rotation,15.0,40
20.29012026,10,Rotation,15.0,40
5.996097985,10,Rotation,15.0,40
-7.249333735,10,Washout,1.0,41
-8.904761506,10,Washout,1.0,41
-3.50889196,10,Washout,1.0,41
97.29723024,10,Washout,1.0,41
-20.49935376,10,Washout,1.0,41
128.5752212,10,Washout,1.0,41
-11.23881427,10,Washout,2.0,42
-28.05648851,10,Washout,2.0,42
-3.379569983,10,Washout,2.0,42
-0.009707573,10,Washout,2.0,42
-0.744717797,10,Washout,2.0,42
-19.9165267,10,Washout,2.0,42
-1.465209533,10,Washout,3.0,43
-3.518322755,10,Washout,3.0,43
-3.621172722,10,Washout,3.0,43
-1.599450564,10,Washout,3.0,43
-22.61666363,10,Washout,3.0,43
-2.298539288,10,Washout,3.0,43
0.019900332,10,Washout,4.0,44
-19.52266737,10,Washout,4.0,44
-1.023066174,10,Washout,4.0,44
0.147065031,10,Washout,4.0,44
-18.9709733,10,Washout,4.0,44
-2.996263783,10,Washout,4.0,44
-2.32225884,10,Washout,5.0,45
-0.567023837,10,Washout,5.0,45
-3.526019844,10,Washout,5.0,45
10.14906102,10,Washout,5.0,45
-5.745219191,10,Washout,5.0,45
-18.67548681,10,Washout,5.0,45
3.062963216,10,Washout,6.0,46
-3.877967862,10,Washout,6.0,46
-3.75333206,10,Washout,6.0,46
-2.656830962,10,Washout,6.0,46
-3.264287384,10,Washout,6.0,46
-5.981507573,10,Washout,6.0,46
-15.13589012,10,Washout,7.0,47
-3.910776831,10,Washout,7.0,47
-11.48457961,10,Washout,7.0,47
-1.280488265,10,Washout,7.0,47
0.828699277,10,Washout,7.0,47
-3.474150921,10,Washout,7.0,47
15.65028255,10,Washout,8.0,48
0.565816161,10,Washout,8.0,48
-14.58193807,10,Washout,8.0,48
3.618432526,10,Washout,8.0,48
31.29689561,10,Washout,8.0,48
-1.997455454,10,Washout,8.0,48
4.657307454,10,Washout,9.0,49
-24.09475051,10,Washout,9.0,49
-2.874817244,10,Washout,9.0,49
7.138985652,10,Washout,9.0,49
0.366690408,10,Washout,9.0,49
-0.854697283,10,Washout,9.0,49
-5.938423149,10,Washout,10.0,50
7.1166008,10,Washout,10.0,50
5.701077259,10,Washout,10.0,50
-1.628924194,10,Washout,10.0,50
-3.812146325,10,Washout,10.0,50
-1.93202387,10,Washout,10.0,50
26.84963645,10,ReRotation,1.0,51
3.698938134,10,ReRotation,1.0,51
9.308154453,10,ReRotation,1.0,51
39.05550545,10,ReRotation,1.0,51
30.12837216,10,ReRotation,1.0,51
11.03161913,10,ReRotation,1.0,51
11.08394507,10,ReRotation,2.0,52
35.1659724,10,ReRotation,2.0,52
26.57664399,10,ReRotation,2.0,52
52.39802173,10,ReRotation,2.0,52
23.77691584,10,ReRotation,2.0,52
21.96225873,10,ReRotation,2.0,52
6.55273796,10,ReRotation,3.0,53
17.50749466,10,ReRotation,3.0,53
36.71743075,10,ReRotation,3.0,53
14.31156759,10,ReRotation,3.0,53
5.908466353,10,ReRotation,3.0,53
24.55824982,10,ReRotation,3.0,53
26.7739637,10,ReRotation,4.0,54
25.98268431,10,ReRotation,4.0,54
19.55182201,10,ReRotation,4.0,54
22.54190332,10,ReRotation,4.0,54
0.850569523,10,ReRotation,4.0,54
3.565291475,10,ReRotation,4.0,54
22.37189146,10,ReRotation,5.0,55
4.548277459,10,ReRotation,5.0,55
6.31399102,10,ReRotation,5.0,55
22.46236021,10,ReRotation,5.0,55
16.97273539,10,ReRotation,5.0,55
3.773986635,10,ReRotation,5.0,55
7.303502622,10,ReRotation,6.0,56
4.480998613,10,ReRotation,6.0,56
14.23157464,10,ReRotation,6.0,56
33.86140539,10,ReRotation,6.0,56
27.23442243,10,ReRotation,6.0,56
2.455119521,10,ReRotation,6.0,56
-36.31287924,10,ReRotation,7.0,57
-1.944696151,10,ReRotation,7.0,57
-0.627158196,10,ReRotation,7.0,57
-13.13222211,10,ReRotation,7.0,57
-17.21727525,10,ReRotation,7.0,57
-2.718180978,10,ReRotation,7.0,57
14.11470174,10,ReRotation,8.0,58
-0.758021545,10,ReRotation,8.0,58
30.62086551,10,ReRotation,8.0,58
-6.601831206,10,ReRotation,8.0,58
8.992852152,10,ReRotation,8.0,58
10.01715614,10,ReRotation,8.0,58
4.655336858,10,ReRotation,9.0,59
28.71939063,10,ReRotation,9.0,59
10.10534011,10,ReRotation,9.0,59
2.394892962,10,ReRotation,9.0,59
-8.239526558,10,ReRotation,9.0,59
-4.795287351,10,ReRotation,9.0,59
19.3528859,10,ReRotation,10.0,60
4.20101367,10,ReRotation,10.0,60
8.201619331,10,ReRotation,10.0,60
9.133172032,10,ReRotation,10.0,60
14.99860408,10,ReRotation,10.0,60
8.217428062,10,ReRotation,10.0,60
-0.858833586,10,ReRotation,11.0,61
-8.953768996,10,ReRotation,11.0,61
-17.00636996,10,ReRotation,11.0,61
-18.64541477,10,ReRotation,11.0,61
5.330247744,10,ReRotation,11.0,61
7.277199586,10,ReRotation,11.0,61
0.689146433,10,ReRotation,12.0,62
-22.57502545,10,ReRotation,12.0,62
-13.81250894,10,ReRotation,12.0,62
-5.963935104,10,ReRotation,12.0,62
-0.842887305,10,ReRotation,12.0,62
-3.940716993,10,ReRotation,12.0,62
-12.85307462,10,ReRotation,13.0,63
-12.85359437,10,ReRotation,13.0,63
-0.791349722,10,ReRotation,13.0,63
-4.53946342,10,ReRotation,13.0,63
-4.383694052,10,ReRotation,13.0,63
0.254617968,10,ReRotation,13.0,63
-21.52767926,10,ReRotation,14.0,64
-3.339204516,10,ReRotation,14.0,64
17.38916264,10,ReRotation,14.0,64
-0.874596965,10,ReRotation,14.0,64
0.248573666,10,ReRotation,14.0,64
-3.511801506,10,ReRotation,14.0,64
2.930016716,10,ReRotation,15.0,65
-29.53955269,10,ReRotation,15.0,65
-2.495381141,10,ReRotation,15.0,65
0.125299893,10,ReRotation,15.0,65
-27.27685678,10,ReRotation,15.0,65
-8.334242508,10,ReWashout,1.0,66
-5.1188114,10,ReWashout,1.0,66
-4.608811099,10,ReWashout,1.0,66
-6.293376872,10,ReWashout,1.0,66
-8.147624651,10,ReWashout,1.0,66
-16.88269686,10,ReWashout,1.0,66
-2.195984195,10,ReWashout,2.0,67
-28.9499244,10,ReWashout,2.0,67
-7.000269503,10,ReWashout,2.0,67
-2.770958905,10,ReWashout,2.0,67
-40.43221671,10,ReWashout,2.0,67
-2.840039124,10,ReWashout,2.0,67
-6.380232094,10,ReWashout,3.0,68
-8.17803972,10,ReWashout,3.0,68
-8.226029126,10,ReWashout,3.0,68
-8.311834355,10,ReWashout,3.0,68
-6.266565619,10,ReWashout,3.0,68
-8.885031705,10,ReWashout,3.0,68
-10.93670654,10,ReWashout,4.0,69
13.81595505,10,ReWashout,4.0,69
-31.01308272,10,ReWashout,4.0,69
-12.61720961,10,ReWashout,4.0,69
-25.65648812,10,ReWashout,4.0,69
-13.80674529,10,ReWashout,4.0,69
-7.983365679,10,ReWashout,5.0,70
-7.867208747,10,ReWashout,5.0,70
-15.39660849,10,ReWashout,5.0,70
3.146416094,10,ReWashout,5.0,70
-27.02925244,10,ReWashout,5.0,70
-20.24608012,10,ReWashout,5.0,70
-5.620006396,10,ReWashout,6.0,71
-3.553297613,10,ReWashout,6.0,71
-9.702928955,10,ReWashout,6.0,71
-8.274044482,10,ReWashout,6.0,71
-7.46403401,10,ReWashout,6.0,71
-15.63508395,10,ReWashout,6.0,71
-8.658252984,10,ReWashout,7.0,72
-28.64005332,10,ReWashout,7.0,72
-5.139154037,10,ReWashout,7.0,72
-12.11425885,10,ReWashout,7.0,72
-6.656309149,10,ReWashout,7.0,72
-10.54139281,10,ReWashout,7.0,72
-19.82273256,10,ReWashout,8.0,73
-7.550918994,10,ReWashout,8.0,73
-12.32832182,10,ReWashout,8.0,73
-9.039286742,10,ReWashout,8.0,73
-22.69888326,10,ReWashout,8.0,73
-9.283433777,10,ReWashout,8.0,73
-9.176479015,10,ReWashout,9.0,74
-6.743315387,10,ReWashout,9.0,74
-14.76803919,10,ReWashout,9.0,74
-9.618165806,10,ReWashout,9.0,74
-13.00786608,10,ReWashout,9.0,74
-12.69280189,10,ReWashout,9.0,74
-4.671890709,10,ReWashout,10.0,75
-4.715302682,10,ReWashout,10.0,75
-12.66190567,10,ReWashout,10.0,75
-4.511417486,10,ReWashout,10.0,75
-8.727111526,10,ReWashout,10.0,75
-5.856077306,10,ReWashout,10.0,75
3.615311197,12,Baseline,1.0,1
8.349045455,12,Baseline,1.0,1
-127.3287736,12,Baseline,1.0,1
14.50871101,12,Baseline,1.0,1
-3.373711319,12,Baseline,1.0,1
-3.721661175,12,Baseline,1.0,1
25.30105532,12,Baseline,2.0,2
-27.08839674,12,Baseline,2.0,2
1.418689879,12,Baseline,2.0,2
-118.9721403,12,Baseline,2.0,2
3.418223387,12,Baseline,2.0,2
17.91240641,12,Baseline,2.0,2
-5.010134262,12,Baseline,3.0,3
-4.220912782,12,Baseline,3.0,3
-5.288439976,12,Baseline,3.0,3
3.011276168,12,Baseline,3.0,3
3.872176549,12,Baseline,3.0,3
-142.082844,12,Baseline,3.0,3
-76.0181843,12,Baseline,4.0,4
24.66052753,12,Baseline,4.0,4
39.16288211,12,Baseline,4.0,4
-11.55600417,12,Baseline,4.0,4
3.471133327,12,Baseline,4.0,4
-8.562800978,12,Baseline,4.0,4
50.74412365,12,Baseline,5.0,5
26.50676188,12,Baseline,5.0,5
91.60616207,12,Baseline,5.0,5
-0.011381386,12,Baseline,5.0,5
-69.90930133,12,Baseline,5.0,5
-12.81029419,12,Baseline,5.0,5
7.121257885,12,Baseline,6.0,6
-9.990060104,12,Baseline,6.0,6
-9.781040078,12,Baseline,6.0,6
-11.97716736,12,Baseline,6.0,6
5.098008606,12,Baseline,6.0,6
-4.765564509,12,Baseline,6.0,6
-9.428810616,12,Baseline,7.0,7
17.96235104,12,Baseline,7.0,7
-8.101656653,12,Baseline,7.0,7
33.39296855,12,Baseline,7.0,7
29.67704211,12,Baseline,7.0,7
54.76939794,12,Baseline,7.0,7
25.23510142,12,Baseline,8.0,8
43.5212175,12,Baseline,8.0,8
9.812983557,12,Baseline,8.0,8
8.216276691,12,Baseline,8.0,8
-1.57496727,12,Baseline,8.0,8
-2.525367851,12,Baseline,8.0,8
-3.767243569,12,Baseline,9.0,9
-3.750055427,12,Baseline,9.0,9
-8.116196332,12,Baseline,9.0,9
29.51624963,12,Baseline,9.0,9
159.6322978,12,Baseline,9.0,9
-13.88046717,12,Baseline,9.0,9
2.203801781,12,Baseline,10.0,10
1.849478754,12,Baseline,10.0,10
-2.52206642,12,Baseline,10.0,10
11.1121515,12,Baseline,10.0,10
2.136573685,12,Baseline,10.0,10
5.536202637,12,Baseline,10.0,10
1.99716771,12,Baseline,11.0,11
21.60463544,12,Baseline,11.0,11
11.59100635,12,Baseline,11.0,11
24.45411299,12,Baseline,11.0,11
6.617122353,12,Baseline,11.0,11
-2.601660059,12,Baseline,11.0,11
-10.43098524,12,Baseline,12.0,12
-1.801747665,12,Baseline,12.0,12
-12.31121316,12,Baseline,12.0,12
36.95460229,12,Baseline,12.0,12
131.1175363,12,Baseline,12.0,12
-5.148015201,12,Baseline,12.0,12
13.58177624,12,Baseline,13.0,13
-5.528746757,12,Baseline,13.0,13
4.675916856,12,Baseline,13.0,13
4.425628394,12,Baseline,13.0,13
38.12270968,12,Baseline,13.0,13
3.283357044,12,Baseline,13.0,13
-9.195595202,12,Baseline,14.0,14
15.46286694,12,Baseline,14.0,14
0.016519147,12,Baseline,14.0,14
-0.571341076,12,Baseline,14.0,14
-13.74640838,12,Baseline,14.0,14
-127.6458981,12,Baseline,14.0,14
0.772433719,12,Baseline,15.0,15
4.760609538,12,Baseline,15.0,15
1.585892045,12,Baseline,15.0,15
-5.066852887,12,Baseline,15.0,15
-5.903529395,12,Baseline,15.0,15
-6.393659387,12,Baseline,15.0,15
-54.47257652,12,Baseline,16.0,16
4.484249849,12,Baseline,16.0,16
1.334165127,12,Baseline,16.0,16
0.391197284,12,Baseline,16.0,16
12.66065936,12,Baseline,16.0,16
3.513724388,12,Baseline,16.0,16
-7.081178823,12,Baseline,17.0,17
-2.620400488,12,Baseline,17.0,17
149.0199283,12,Baseline,17.0,17
-0.89468488,12,Baseline,17.0,17
1.538174771,12,Baseline,17.0,17
-7.920207307,12,Baseline,17.0,17
1.040885512,12,Baseline,18.0,18
0.475041451,12,Baseline,18.0,18
2.162333933,12,Baseline,18.0,18
4.938652604,12,Baseline,18.0,18
0.656342944,12,Baseline,18.0,18
3.387847664,12,Baseline,18.0,18
-9.473069348,12,Baseline,19.0,19
1.476028541,12,Baseline,19.0,19
113.9096912,12,Baseline,19.0,19
3.867466384,12,Baseline,19.0,19
-8.703316897,12,Baseline,19.0,19
12.19224743,12,Baseline,19.0,19
34.77423909,12,Baseline,20.0,20
12.04716883,12,Baseline,20.0,20
-0.22050565,12,Baseline,20.0,20
12.95860846,12,Baseline,20.0,20
7.767396516,12,Baseline,20.0,20
2.032646365,12,Baseline,20.0,20
-17.86109649,12,Baseline,21.0,21
17.7935027,12,Baseline,21.0,21
-5.731503243,12,Baseline,21.0,21
-2.217863415,12,Baseline,21.0,21
171.1764224,12,Baseline,21.0,21
-1.144571382,12,Baseline,21.0,21
-1.244081712,12,Baseline,22.0,22
-10.74982748,12,Baseline,22.0,22
56.26276861,12,Baseline,22.0,22
-2.575394769,12,Baseline,22.0,22
1.520793598,12,Baseline,22.0,22
-0.600864296,12,Baseline,22.0,22
173.8053841,12,Baseline,23.0,23
-7.458743112,12,Baseline,23.0,23
-8.615808709,12,Baseline,23.0,23
8.320355592,12,Baseline,23.0,23
-13.56148683,12,Baseline,23.0,23
-18.97711964,12,Baseline,23.0,23
1.710430142,12,Baseline,24.0,24
-5.034117294,12,Baseline,24.0,24
-3.732872166,12,Baseline,24.0,24
11.84452982,12,Baseline,24.0,24
3.169775891,12,Baseline,24.0,24
2.625717458,12,Baseline,24.0,24
-2.106740051,12,Baseline,25.0,25
1.359896557,12,Baseline,25.0,25
-67.66518456,12,Baseline,25.0,25
-0.196226796,12,Baseline,25.0,25
18.95650535,12,Baseline,25.0,25
22.08778995,12,Rotation,1.0,26
25.91484636,12,Rotation,1.0,26
8.006699326,12,Rotation,1.0,26
18.18034136,12,Rotation,1.0,26
1.312623144,12,Rotation,1.0,26
8.801617034,12,Rotation,1.0,26
1.550085664,12,Rotation,2.0,27
19.87027135,12,Rotation,2.0,27
-117.9424639,12,Rotation,2.0,27
7.279105596,12,Rotation,2.0,27
-70.00025763,12,Rotation,2.0,27
5.883062593,12,Rotation,2.0,27
-122.0428577,12,Rotation,3.0,28
-5.827762476,12,Rotation,3.0,28
1.080340639,12,Rotation,3.0,28
-8.164174062,12,Rotation,3.0,28
-5.554656917,12,Rotation,3.0,28
10.14600031,12,Rotation,3.0,28
-44.9035589,12,Rotation,4.0,29
-104.5690937,12,Rotation,4.0,29
7.808164106,12,Rotation,4.0,29
3.947011675,12,Rotation,4.0,29
21.47113049,12,Rotation,4.0,29
-5.042809699,12,Rotation,4.0,29
-48.09769916,12,Rotation,5.0,30
6.494989509,12,Rotation,5.0,30
5.299444642,12,Rotation,5.0,30
18.96083986,12,Rotation,5.0,30
0.116854494,12,Rotation,5.0,30
-58.66907243,12,Rotation,5.0,30
14.36341772,12,Rotation,6.0,31
-0.754983079,12,Rotation,6.0,31
-2.833403437,12,Rotation,6.0,31
3.753508136,12,Rotation,6.0,31
5.160590704,12,Rotation,6.0,31
-12.85700518,12,Rotation,6.0,31
2.289102501,12,Rotation,7.0,32
5.407361993,12,Rotation,7.0,32
-0.513646374,12,Rotation,7.0,32
13.92894309,12,Rotation,7.0,32
2.118454325,12,Rotation,7.0,32
16.93354065,12,Rotation,7.0,32
-44.21623145,12,Rotation,8.0,33
0.872308327,12,Rotation,8.0,33
-27.58871579,12,Rotation,8.0,33
-136.1789947,12,Rotation,8.0,33
-10.81392146,12,Rotation,8.0,33
20.59591341,12,Rotation,8.0,33
-3.457181862,12,Rotation,9.0,34
12.16102439,12,Rotation,9.0,34
14.49335011,12,Rotation,9.0,34
0.25444611,12,Rotation,9.0,34
0.350554702,12,Rotation,9.0,34
13.04554808,12,Rotation,9.0,34
10.15929971,12,Rotation,10.0,35
-116.6392772,12,Rotation,10.0,35
20.63296942,12,Rotation,10.0,35
-6.731632784,12,Rotation,10.0,35
21.2232684,12,Rotation,10.0,35
42.25600977,12,Rotation,10.0,35
-3.937689395,12,Rotation,11.0,36
-100.8572621,12,Rotation,11.0,36
21.94865961,12,Rotation,11.0,36
-3.624736319,12,Rotation,11.0,36
-1.25045582,12,Rotation,11.0,36
-0.392873865,12,Rotation,11.0,36
4.922845428,12,Rotation,12.0,37
66.33136576,12,Rotation,12.0,37
-3.443481385,12,Rotation,12.0,37
11.54285778,12,Rotation,12.0,37
-114.093783,12,Rotation,12.0,37
19.39474326,12,Rotation,12.0,37
35.39442255,12,Rotation,13.0,38
-15.79896536,12,Rotation,13.0,38
1.784371161,12,Rotation,13.0,38
0.760328361,12,Rotation,13.0,38
14.56133368,12,Rotation,13.0,38
1.096128891,12,Rotation,13.0,38
-3.462053244,12,Rotation,14.0,39
33.5072689,12,Rotation,14.0,39
-1.201952733,12,Rotation,14.0,39
-131.0408931,12,Rotation,14.0,39
15.86798805,12,Rotation,14.0,39
-107.1237785,12,Rotation,14.0,39
2.545838088,12,Rotation,15.0,40
-0.950756943,12,Rotation,15.0,40
-110.6881941,12,Rotation,15.0,40
7.078789573,12,Rotation,15.0,40
15.20136241,12,Rotation,15.0,40
-0.104203675,12,Rotation,15.0,40
-15.9527926,12,Washout,1.0,41
4.116316859,12,Washout,1.0,41
4.555559624,12,Washout,1.0,41
25.93806682,12,Washout,1.0,41
-12.43321636,12,Washout,1.0,41
-149.6541093,12,Washout,1.0,41
-115.6207049,12,Washout,2.0,42
-4.455044266,12,Washout,2.0,42
-49.58502416,12,Washout,2.0,42
-12.87826764,12,Washout,2.0,42
-11.534531,12,Washout,2.0,42
-6.880734944,12,Washout,2.0,42
-3.588421704,12,Washout,3.0,43
-7.903214218,12,Washout,3.0,43
-17.86195431,12,Washout,3.0,43
-13.65311894,12,Washout,3.0,43
11.20549432,12,Washout,3.0,43
4.261440486,12,Washout,3.0,43
-5.549687144,12,Washout,4.0,44
-10.93759944,12,Washout,4.0,44
-16.51532717,12,Washout,4.0,44
-14.41986931,12,Washout,4.0,44
-2.147068087,12,Washout,4.0,44
-117.3110087,12,Washout,4.0,44
-5.655147335,12,Washout,5.0,45
-6.085481665,12,Washout,5.0,45
-3.022396903,12,Washout,5.0,45
-20.691551,12,Washout,5.0,45
179.3832043,12,Washout,5.0,45
-4.954688574,12,Washout,5.0,45
-96.99333642,12,Washout,6.0,46
-113.1157544,12,Washout,6.0,46
-4.894619809,12,Washout,6.0,46
-2.626329555,12,Washout,6.0,46
-5.227431154,12,Washout,6.0,46
-13.07684045,12,Washout,6.0,46
-3.613033213,12,Washout,7.0,47
-8.027834431,12,Washout,7.0,47
-14.22305197,12,Washout,7.0,47
-26.49051117,12,Washout,7.0,47
-4.648329533,12,Washout,7.0,47
4.620016888,12,Washout,7.0,47
0.267785758,12,Washout,8.0,48
-1.982409678,12,Washout,8.0,48
-39.76932141,12,Washout,8.0,48
-10.46722701,12,Washout,8.0,48
-14.17708735,12,Washout,8.0,48
-57.68086143,12,Washout,8.0,48
-9.028451559,12,Washout,9.0,49
-24.16274719,12,Washout,9.0,49
-5.283511174,12,Washout,9.0,49
-145.1336306,12,Washout,9.0,49
-140.3047446,12,Washout,9.0,49
-51.33901194,12,Washout,9.0,49
-5.334280177,12,Washout,10.0,50
-7.965271887,12,Washout,10.0,50
-6.006644227,12,Washout,10.0,50
-3.918049247,12,Washout,10.0,50
-6.782862438,12,Washout,10.0,50
-2.876161977,12,Washout,10.0,50
19.09796293,12,ReRotation,1.0,51
15.02676478,12,ReRotation,1.0,51
13.99110163,12,ReRotation,1.0,51
-81.88561563,12,ReRotation,1.0,51
27.07403424,12,ReRotation,1.0,51
8.708969254,12,ReRotation,1.0,51
5.661255686,12,ReRotation,2.0,52
-3.211289811,12,ReRotation,2.0,52
15.68607791,12,ReRotation,2.0,52
22.60172638,12,ReRotation,2.0,52
17.82975825,12,ReRotation,2.0,52
22.63595682,12,ReRotation,2.0,52
7.1936117,12,ReRotation,3.0,53
6.855154283,12,ReRotation,3.0,53
11.9353384,12,ReRotation,3.0,53
15.26510006,12,ReRotation,3.0,53
6.808800203,12,ReRotation,3.0,53
-119.8794507,12,ReRotation,3.0,53
-117.8976135,12,ReRotation,4.0,54
9.656888358,12,ReRotation,4.0,54
8.141297993,12,ReRotation,4.0,54
-4.831926869,12,ReRotation,4.0,54
1.583600156,12,ReRotation,4.0,54
-4.567704288,12,ReRotation,4.0,54
4.31319892,12,ReRotation,5.0,55
25.8428926,12,ReRotation,5.0,55
-145.0985962,12,ReRotation,5.0,55
13.67527244,12,ReRotation,5.0,55
7.539751635,12,ReRotation,5.0,55
11.3365139,12,ReRotation,5.0,55
22.10117655,12,ReRotation,6.0,56
11.91944977,12,ReRotation,6.0,56
-111.0584576,12,ReRotation,6.0,56
-6.240195379,12,ReRotation,6.0,56
0.015898324,12,ReRotation,6.0,56
1.163276107,12,ReRotation,6.0,56
0.082057787,12,ReRotation,7.0,57
-3.368168834,12,ReRotation,7.0,57
-35.26727145,12,ReRotation,7.0,57
19.34267228,12,ReRotation,7.0,57
10.1089527,12,ReRotation,7.0,57
-9.163795965,12,ReRotation,7.0,57
-58.76333572,12,ReRotation,8.0,58
8.047355604,12,ReRotation,8.0,58
1.689950337,12,ReRotation,8.0,58
3.114500378,12,ReRotation,8.0,58
12.95181671,12,ReRotation,8.0,58
-5.972479472,12,ReRotation,8.0,58
0.687332696,12,ReRotation,9.0,59
-0.682364832,12,ReRotation,9.0,59
-4.004008425,12,ReRotation,9.0,59
-2.33313378,12,ReRotation,9.0,59
-9.737571252,12,ReRotation,9.0,59
5.926731239,12,ReRotation,9.0,59
-11.24016993,12,ReRotation,10.0,60
-119.475742,12,ReRotation,10.0,60
-118.0590288,12,ReRotation,10.0,60
8.257164549,12,ReRotation,10.0,60
141.7231357,12,ReRotation,10.0,60
8.333113475,12,ReRotation,10.0,60
3.494655544,12,ReRotation,11.0,61
-8.59216314,12,ReRotation,11.0,61
7.27295482,12,ReRotation,11.0,61
0.903407588,12,ReRotation,11.0,61
-4.44692584,12,ReRotation,11.0,61
-5.797160592,12,ReRotation,11.0,61
-3.461843225,12,ReRotation,12.0,62
8.662613386,12,ReRotation,12.0,62
-5.563532943,12,ReRotation,12.0,62
-0.303758268,12,ReRotation,12.0,62
-121.3211559,12,ReRotation,12.0,62
5.440641862,12,ReRotation,12.0,62
-2.761260811,12,ReRotation,13.0,63
-21.08542726,12,ReRotation,13.0,63
-0.353592099,12,ReRotation,13.0,63
0.550798361,12,ReRotation,13.0,63
-7.012588347,12,ReRotation,13.0,63
5.231354418,12,ReRotation,13.0,63
-4.480203144,12,ReRotation,14.0,64
-12.18348253,12,ReRotation,14.0,64
-2.403815094,12,ReRotation,14.0,64
-118.8431762,12,ReRotation,14.0,64
5.475281456,12,ReRotation,14.0,64
-73.86978155,12,ReRotation,14.0,64
-3.996467064,12,ReRotation,15.0,65
-6.994431622,12,ReRotation,15.0,65
-3.396757922,12,ReRotation,15.0,65
-5.724770975,12,ReRotation,15.0,65
-3.145524274,12,ReRotation,15.0,65
-3.427380355,12,ReRotation,15.0,65
-11.61379145,12,ReWashout,1.0,66
-17.58507319,12,ReWashout,1.0,66
-58.47573975,12,ReWashout,1.0,66
-85.72530424,12,ReWashout,1.0,66
-9.95310792,12,ReWashout,1.0,66
-9.514693662,12,ReWashout,1.0,66
-6.749881345,12,ReWashout,2.0,67
-8.470371671,12,ReWashout,2.0,67
-10.4555506,12,ReWashout,2.0,67
2.404338595,12,ReWashout,2.0,67
-3.448327462,12,ReWashout,2.0,67
-7.555699059,12,ReWashout,2.0,67
-158.2334025,12,ReWashout,3.0,68
-10.61619864,12,ReWashout,3.0,68
-2.055476259,12,ReWashout,3.0,68
-1.341142442,12,ReWashout,3.0,68
-14.23791506,12,ReWashout,3.0,68
-0.167812825,12,ReWashout,3.0,68
-1.320849709,12,ReWashout,4.0,69
-4.030482737,12,ReWashout,4.0,69
-6.975083158,12,ReWashout,4.0,69
-8.699502406,12,ReWashout,4.0,69
-3.429397895,12,ReWashout,4.0,69
-4.360590354,12,ReWashout,4.0,69
-10.36276065,12,ReWashout,5.0,70
-4.375882344,12,ReWashout,5.0,70
-6.074865915,12,ReWashout,5.0,70
-17.85328468,12,ReWashout,5.0,70
-5.556674576,12,ReWashout,5.0,70
-1.217883123,12,ReWashout,5.0,70
-4.958265387,12,ReWashout,6.0,71
-5.58203403,12,ReWashout,6.0,71
-2.3079393,12,ReWashout,6.0,71
-3.526079571,12,ReWashout,6.0,71
-9.413839502,12,ReWashout,6.0,71
-4.611537618,12,ReWashout,6.0,71
-0.085002,12,ReWashout,7.0,72
-4.717201035,12,ReWashout,7.0,72
-1.896615674,12,ReWashout,7.0,72
-4.581054604,12,ReWashout,7.0,72
-2.899109224,12,ReWashout,7.0,72
1.238816791,12,ReWashout,7.0,72
-2.559037125,12,ReWashout,8.0,73
-10.28004504,12,ReWashout,8.0,73
-7.587369613,12,ReWashout,8.0,73
-3.096207844,12,ReWashout,8.0,73
-4.802004198,12,ReWashout,8.0,73
-2.711096945,12,ReWashout,8.0,73
-4.196882333,12,ReWashout,9.0,74
-3.414864576,12,ReWashout,9.0,74
-4.693219672,12,ReWashout,9.0,74
-2.893673202,12,ReWashout,9.0,74
-9.654415254,12,ReWashout,9.0,74
-4.304025034,12,ReWashout,9.0,74
-2.881941904,12,ReWashout,10.0,75
-7.870733487,12,ReWashout,10.0,75
-4.821357648,12,ReWashout,10.0,75
-6.20634933,12,ReWashout,10.0,75
-3.249617729,12,ReWashout,10.0,75
-12.69141278,12,ReWashout,10.0,75
-1.959587494,14,Baseline,1.0,1
25.57030866,14,Baseline,1.0,1
45.7303593,14,Baseline,1.0,1
5.353167227,14,Baseline,1.0,1
-3.220328097,14,Baseline,1.0,1
-5.781585918,14,Baseline,1.0,1
2.66034224,14,Baseline,2.0,2
4.818786483,14,Baseline,2.0,2
-12.09197843,14,Baseline,2.0,2
2.202175316,14,Baseline,2.0,2
-2.855742072,14,Baseline,2.0,2
-123.4049444,14,Baseline,2.0,2
-16.93542901,14,Baseline,3.0,3
-115.5955747,14,Baseline,3.0,3
130.3420436,14,Baseline,3.0,3
-21.4887891,14,Baseline,3.0,3
-101.1520443,14,Baseline,3.0,3
36.14228285,14,Baseline,3.0,3
3.984781096,14,Baseline,4.0,4
-114.2552185,14,Baseline,4.0,4
48.69180422,14,Baseline,4.0,4
-47.54329867,14,Baseline,4.0,4
-28.45744111,14,Baseline,4.0,4
-112.6093063,14,Baseline,4.0,4
-15.89237151,14,Baseline,5.0,5
-2.554029381,14,Baseline,5.0,5
4.987666959,14,Baseline,5.0,5
-18.94449732,14,Baseline,5.0,5
107.1362252,14,Baseline,5.0,5
-11.74948002,14,Baseline,5.0,5
-9.175510649,14,Baseline,6.0,6
-88.39837814,14,Baseline,6.0,6
-7.105218454,14,Baseline,6.0,6
-8.701299342,14,Baseline,6.0,6
46.36669279,14,Baseline,6.0,6
-5.012626951,14,Baseline,6.0,6
151.3395523,14,Baseline,7.0,7
-9.139478015,14,Baseline,7.0,7
-17.81059544,14,Baseline,7.0,7
-10.24493677,14,Baseline,7.0,7
-20.86734623,14,Baseline,7.0,7
-84.31932041,14,Baseline,7.0,7
-5.796131521,14,Baseline,8.0,8
0.962590575,14,Baseline,8.0,8
-10.60280428,14,Baseline,8.0,8
-10.91509551,14,Baseline,8.0,8
4.096109642,14,Baseline,8.0,8
-22.86229995,14,Baseline,8.0,8
-2.98908655,14,Baseline,9.0,9
-18.45911825,14,Baseline,9.0,9
-10.07701543,14,Baseline,9.0,9
-31.80647302,14,Baseline,9.0,9
0.625761005,14,Baseline,9.0,9
5.796433164,14,Baseline,9.0,9
-17.17200588,14,Baseline,10.0,10
115.7111036,14,Baseline,10.0,10
-39.1336197,14,Baseline,10.0,10
5.029474292,14,Baseline,10.0,10
112.4340056,14,Baseline,10.0,10
114.7880743,14,Baseline,10.0,10
-11.01163786,14,Baseline,11.0,11
-1.195605851,14,Baseline,11.0,11
-123.4513619,14,Baseline,11.0,11
-112.0257748,14,Baseline,11.0,11
-17.52039325,14,Baseline,11.0,11
-20.49969067,14,Baseline,11.0,11
-5.531158954,14,Baseline,12.0,12
5.11145177,14,Baseline,12.0,12
-50.94117464,14,Baseline,12.0,12
-24.75759505,14,Baseline,12.0,12
7.076578982,14,Baseline,12.0,12
-20.48168822,14,Baseline,12.0,12
8.338753173,14,Baseline,13.0,13
-8.539615168,14,Baseline,13.0,13
4.352733241,14,Baseline,13.0,13
-89.73651007,14,Baseline,13.0,13
-19.6464472,14,Baseline,13.0,13
0.984603145,14,Baseline,13.0,13
2.611185869,14,Baseline,14.0,14
1.172774955,14,Baseline,14.0,14
-9.580000132,14,Baseline,14.0,14
5.573938576,14,Baseline,14.0,14
11.09584006,14,Baseline,14.0,14
-35.5869971,14,Baseline,14.0,14
-3.247196656,14,Baseline,15.0,15
-6.799191207,14,Baseline,15.0,15
-14.99445066,14,Baseline,15.0,15
-9.81600977,14,Baseline,15.0,15
-5.544018236,14,Baseline,15.0,15
-28.6080987,14,Baseline,15.0,15
-0.963974808,14,Baseline,16.0,16
-7.032871141,14,Baseline,16.0,16
-87.37624616,14,Baseline,16.0,16
-7.502152453,14,Baseline,16.0,16
-6.700161454,14,Baseline,16.0,16
-6.412973432,14,Baseline,16.0,16
-5.570390813,14,Baseline,17.0,17
-15.74350263,14,Baseline,17.0,17
-6.138978955,14,Baseline,17.0,17
0.001055812,14,Baseline,17.0,17
-0.917030229,14,Baseline,17.0,17
27.59018307,14,Rotation,1.0,18
10.84156387,14,Rotation,1.0,18
-0.022113114,14,Rotation,1.0,18
-13.75154214,14,Rotation,1.0,18
1.549479756,14,Rotation,1.0,18
-31.26381235,14,Rotation,1.0,18
-6.060930688,14,Rotation,2.0,19
-4.88994386,14,Rotation,2.0,19
0.690434257,14,Rotation,2.0,19
-29.19404952,14,Rotation,2.0,19
-19.51749097,14,Rotation,2.0,19
20.36493173,14,Rotation,2.0,19
-7.694583086,14,Rotation,3.0,20
-22.33648494,14,Rotation,3.0,20
-0.398245316,14,Rotation,3.0,20
-59.14304273,14,Rotation,3.0,20
-1.583803379,14,Rotation,3.0,20
-5.500703069,14,Rotation,3.0,20
-28.33944633,14,Rotation,4.0,21
-13.91493464,14,Rotation,4.0,21
-99.56260976,14,Rotation,4.0,21
0.507743342,14,Rotation,4.0,21
17.7065037,14,Rotation,4.0,21
-6.543127942,14,Rotation,4.0,21
3.594091359,14,Rotation,5.0,22
-1.111820843,14,Rotation,5.0,22
3.619474582,14,Rotation,5.0,22
-10.70475546,14,Rotation,5.0,22
-0.205961167,14,Rotation,5.0,22
7.372594643,14,Rotation,5.0,22
15.0049381,14,Rotation,6.0,23
-2.573555715,14,Rotation,6.0,23
-2.51514555,14,Rotation,6.0,23
-1.967267044,14,Rotation,6.0,23
2.422044086,14,Rotation,6.0,23
-2.409179065,14,Rotation,6.0,23
-148.3809342,14,Rotation,7.0,24
1.161288843,14,Rotation,7.0,24
0.262395073,14,Rotation,7.0,24
-25.66912989,14,Rotation,7.0,24
-103.1239676,14,Rotation,7.0,24
-13.68964166,14,Rotation,7.0,24
19.73441433,14,Rotation,8.0,25
9.236599247,14,Rotation,8.0,25
-1.451551076,14,Rotation,8.0,25
5.472656962,14,Rotation,8.0,25
-5.058768615,14,Rotation,8.0,25
10.73095022,14,Rotation,8.0,25
-25.84343601,14,Rotation,9.0,26
-6.982050404,14,Rotation,9.0,26
-25.14778096,14,Rotation,9.0,26
-15.04893155,14,Rotation,9.0,26
-9.200446345,14,Rotation,9.0,26
2.834034549,14,Rotation,9.0,26
-5.163782186,14,Rotation,10.0,27
-14.95594477,14,Rotation,10.0,27
24.08596901,14,Rotation,10.0,27
-6.552384644,14,Rotation,10.0,27
-6.605728536,14,Rotation,10.0,27
11.76276427,14,Rotation,10.0,27
4.888583962,14,Rotation,11.0,28
-18.77249087,14,Rotation,11.0,28
-19.15594328,14,Rotation,11.0,28
0.086479899,14,Rotation,11.0,28
-4.076608079,14,Rotation,11.0,28
-22.55780801,14,Rotation,11.0,28
-8.228182063,14,Rotation,12.0,29
-26.74377406,14,Rotation,12.0,29
8.513126301,14,Rotation,12.0,29
-5.355790274,14,Rotation,12.0,29
-63.7025062,14,Rotation,12.0,29
-5.489398376,14,Rotation,12.0,29
-5.395634125,14,Rotation,13.0,30
0.588708586,14,Rotation,13.0,30
-3.103457058,14,Rotation,13.0,30
-3.547764849,14,Rotation,13.0,30
-27.23693363,14,Rotation,13.0,30
-77.08823403,14,Rotation,13.0,30
1.973729393,14,Rotation,14.0,31
-146.2354259,14,Rotation,14.0,31
3.464190637,14,Rotation,14.0,31
-0.011467985,14,Rotation,14.0,31
10.00227274,14,Rotation,14.0,31
20.62497317,14,Rotation,14.0,31
5.950450702,14,Rotation,15.0,32
6.597454511,14,Rotation,15.0,32
34.68932958,14,Rotation,15.0,32
-1.813580982,14,Rotation,15.0,32
-0.338550639,14,Rotation,15.0,32
-1.306783335,14,Rotation,15.0,32
-7.727910802,14,Rotation,16.0,33
5.233441104,14,Washout,1.0,34
-29.57252833,14,Washout,1.0,34
-4.10049018,14,Washout,1.0,34
-120.5140947,14,Washout,1.0,34
-9.247388271,14,Washout,1.0,34
-11.0047944,14,Washout,1.0,34
-8.160459598,14,Washout,2.0,35
-7.335860256,14,Washout,2.0,35
-7.639362533,14,Washout,2.0,35
-9.888186345,14,Washout,2.0,35
-10.27250582,14,Washout,2.0,35
-23.11430728,14,Washout,2.0,35
2.5460976,14,Washout,3.0,36
10.31928976,14,Washout,3.0,36
-9.224163007,14,Washout,3.0,36
-10.35731679,14,Washout,3.0,36
-13.90809577,14,Washout,3.0,36
-5.593646665,14,Washout,3.0,36
-6.472253515,14,Washout,4.0,37
-23.87164052,14,Washout,4.0,37
-7.511202447,14,Washout,4.0,37
5.80944034,14,Washout,4.0,37
-9.900951367,14,Washout,4.0,37
-5.345973709,14,Washout,4.0,37
-4.02448775,14,Washout,5.0,38
-4.654758103,14,Washout,5.0,38
-6.174789394,14,Washout,5.0,38
-2.938283368,14,Washout,5.0,38
-6.133067428,14,Washout,5.0,38
-8.187601062,14,Washout,5.0,38
-9.983501819,14,Washout,6.0,39
-5.110301296,14,Washout,6.0,39
-0.89723146,14,Washout,6.0,39
-6.527733642,14,Washout,6.0,39
-6.604804207,14,Washout,6.0,39
-6.332847268,14,Washout,6.0,39
-4.641442894,14,Washout,7.0,40
-4.874179986,14,Washout,7.0,40
7.763076866,14,Washout,7.0,40
-0.956572552,14,Washout,7.0,40
-2.587806165,14,Washout,7.0,40
-7.980881075,14,Washout,7.0,40
-3.645523602,14,Washout,8.0,41
-10.74862706,14,Washout,8.0,41
-0.398025823,14,Washout,8.0,41
-6.145761965,14,Washout,8.0,41
5.261297035,14,Washout,8.0,41
-3.870491694,14,Washout,8.0,41
-6.100559449,14,Washout,9.0,42
-24.55128294,14,Washout,9.0,42
-5.031535779,14,Washout,9.0,42
-4.32436855,14,Washout,9.0,42
-15.27874252,14,Washout,9.0,42
-5.301016961,14,Washout,9.0,42
-5.442587355,14,Washout,10.0,43
-6.445093992,14,Washout,10.0,43
-4.448401269,14,Washout,10.0,43
-5.380504288,14,Washout,10.0,43
-9.61738302,14,Washout,10.0,43
1.967468165,14,ReRotation,1.0,44
21.57948722,14,ReRotation,1.0,44
11.24635422,14,ReRotation,1.0,44
-7.604827093,14,ReRotation,1.0,44
13.03543315,14,ReRotation,1.0,44
7.977838427,14,ReRotation,1.0,44
19.25896259,14,ReRotation,2.0,45
13.36132814,14,ReRotation,2.0,45
1.680460205,14,ReRotation,2.0,45
43.40492484,14,ReRotation,2.0,45
6.74464446,14,ReRotation,2.0,45
33.94586287,14,ReRotation,2.0,45
11.38700742,14,ReRotation,3.0,46
9.698666485,14,ReRotation,3.0,46
-2.869174683,14,ReRotation,3.0,46
-2.932868718,14,ReRotation,3.0,46
0.476566993,14,ReRotation,3.0,46
-13.93792669,14,ReRotation,3.0,46
18.98737883,14,ReRotation,4.0,47
17.00261153,14,ReRotation,4.0,47
-7.477621481,14,ReRotation,4.0,47
0.215275573,14,ReRotation,4.0,47
7.644421528,14,ReRotation,4.0,47
12.89216596,14,ReRotation,4.0,47
0.432293318,14,ReRotation,5.0,48
2.420441218,14,ReRotation,5.0,48
-0.782835068,14,ReRotation,5.0,48
0.894956596,14,ReRotation,5.0,48
0.021505803,14,ReRotation,5.0,48
-3.682370239,14,ReRotation,5.0,48
-1.952746748,14,ReRotation,6.0,49
2.024742377,14,ReRotation,6.0,49
1.882686354,14,ReRotation,6.0,49
-1.3593423,14,ReRotation,6.0,49
6.918500558,14,ReRotation,6.0,49
-0.048237717,14,ReRotation,6.0,49
-6.243625661,14,ReRotation,7.0,50
8.154038601,14,ReRotation,7.0,50
13.19683294,14,ReRotation,7.0,50
-10.80636989,14,ReRotation,7.0,50
-3.878002154,14,ReRotation,7.0,50
-0.590326267,14,ReRotation,7.0,50
-14.03326022,14,ReRotation,8.0,51
-5.54302153,14,ReRotation,8.0,51
10.79587465,14,ReRotation,8.0,51
5.051695479,14,ReRotation,8.0,51
6.800569627,14,ReRotation,8.0,51
-0.204453903,14,ReRotation,8.0,51
5.583020444,14,ReRotation,9.0,52
30.73397429,14,ReRotation,9.0,52
17.30399936,14,ReRotation,9.0,52
-0.994167438,14,ReRotation,9.0,52
22.40162616,14,ReRotation,9.0,52
21.70894345,14,ReRotation,9.0,52
-3.618927564,14,ReRotation,10.0,53
1.735615605,14,ReRotation,10.0,53
-8.623922886,14,ReRotation,10.0,53
-4.73280979,14,ReRotation,10.0,53
-17.27798573,14,ReRotation,10.0,53
2.955821936,14,ReRotation,10.0,53
-0.995932584,14,ReRotation,11.0,54
-1.719516984,14,ReRotation,11.0,54
-0.445190611,14,ReRotation,11.0,54
-1.817567654,14,ReRotation,11.0,54
-1.316639711,14,ReRotation,11.0,54
0.012077302,14,ReRotation,11.0,54
-0.020410826,14,ReRotation,12.0,55
5.540875698,14,ReRotation,12.0,55
-2.926690818,14,ReRotation,12.0,55
-2.641885278,14,ReRotation,12.0,55
1.387466557,14,ReRotation,12.0,55
3.482746446,14,ReRotation,12.0,55
-14.21408974,14,ReRotation,13.0,56
-2.529622602,14,ReRotation,13.0,56
-26.12054947,14,ReRotation,13.0,56
-12.85745408,14,ReRotation,13.0,56
-60.27460384,14,ReRotation,13.0,56
-7.358649921,14,ReRotation,13.0,56
-5.025717009,21,Baseline,1.0,1
6.550196783,21,Baseline,1.0,1
-2.749573948,21,Baseline,1.0,1
-25.39538365,21,Baseline,1.0,1
-98.73292422,21,Baseline,1.0,1
-3.920459125,21,Baseline,1.0,1
-0.138642843,21,Baseline,2.0,2
-118.4314986,21,Baseline,2.0,2
-15.48004742,21,Baseline,2.0,2
-120.0430403,21,Baseline,2.0,2
-19.06964868,21,Baseline,2.0,2
4.450458709,21,Baseline,2.0,2
-2.881331722,21,Baseline,3.0,3
-14.59618293,21,Baseline,3.0,3
6.373543083,21,Baseline,3.0,3
-47.1597842,21,Baseline,3.0,3
-16.52289631,21,Baseline,3.0,3
-10.59172201,21,Baseline,3.0,3
5.503334566,21,Baseline,4.0,4
0.975802862,21,Baseline,4.0,4
7.69593652,21,Baseline,4.0,4
-6.472831457,21,Baseline,4.0,4
-1.407732375,21,Baseline,4.0,4
-0.340385636,21,Baseline,4.0,4
-6.355971033,21,Baseline,5.0,5
6.166468988,21,Baseline,5.0,5
-9.560413852,21,Baseline,5.0,5
161.1515758,21,Baseline,5.0,5
-0.116452565,21,Baseline,5.0,5
-79.55711516,21,Baseline,5.0,5
-58.89826607,21,Baseline,6.0,6
-7.648646607,21,Baseline,6.0,6
-0.847638854,21,Baseline,6.0,6
52.54910426,21,Baseline,6.0,6
3.695402335,21,Baseline,6.0,6
-20.23513456,21,Baseline,6.0,6
11.25843906,21,Baseline,7.0,7
-0.213079608,21,Baseline,7.0,7
-13.49199954,21,Baseline,7.0,7
3.278320112,21,Baseline,7.0,7
0.140201092,21,Baseline,7.0,7
-4.236115357,21,Baseline,7.0,7
-0.004318823,21,Baseline,8.0,8
-30.34091985,21,Baseline,8.0,8
-9.640583065,21,Baseline,8.0,8
-4.043621368,21,Baseline,8.0,8
-0.695024334,21,Baseline,8.0,8
-11.51456264,21,Baseline,8.0,8
-1.827045932,21,Baseline,9.0,9
-2.735561134,21,Baseline,9.0,9
-34.61254135,21,Baseline,9.0,9
1.34571872,21,Baseline,9.0,9
-1.21819975,21,Baseline,9.0,9
0.300146015,21,Baseline,9.0,9
1.904665681,21,Baseline,10.0,10
-18.88606575,21,Baseline,10.0,10
-28.13279685,21,Baseline,10.0,10
-18.83478333,21,Baseline,10.0,10
3.203578921,21,Baseline,10.0,10
-18.46711189,21,Baseline,10.0,10
32.69697697,21,Baseline,11.0,11
5.135702038,21,Baseline,11.0,11
-7.772401731,21,Baseline,11.0,11
-8.220992004,21,Baseline,11.0,11
50.87005062,21,Baseline,11.0,11
-9.145656798,21,Baseline,11.0,11
-14.0074772,21,Baseline,12.0,12
5.934628853,21,Baseline,12.0,12
-5.324065512,21,Baseline,12.0,12
-20.20577681,21,Baseline,12.0,12
-3.857293184,21,Baseline,12.0,12
-11.92481347,21,Baseline,12.0,12
4.189779643,21,Baseline,13.0,13
-7.537426862,21,Baseline,13.0,13
-0.510613608,21,Baseline,13.0,13
3.696202406,21,Baseline,13.0,13
-6.09519908,21,Baseline,13.0,13
-18.06967342,21,Baseline,13.0,13
170.4068329,21,Baseline,14.0,14
-1.608981757,21,Baseline,14.0,14
-19.28502392,21,Baseline,14.0,14
-0.506312684,21,Baseline,14.0,14
-11.12542169,21,Baseline,14.0,14
-69.0865592,21,Baseline,14.0,14
8.71517096,21,Baseline,15.0,15
9.486441121,21,Baseline,15.0,15
-15.66661346,21,Baseline,15.0,15
8.564580598,21,Baseline,15.0,15
-1.826252766,21,Baseline,15.0,15
-11.02172456,21,Baseline,15.0,15
-4.322078372,21,Baseline,16.0,16
-5.967862223,21,Baseline,16.0,16
-9.454352057,21,Baseline,16.0,16
-3.033479887,21,Baseline,16.0,16
-8.993045631,21,Baseline,16.0,16
4.002474753,21,Baseline,16.0,16
166.0108541,21,Baseline,17.0,17
-3.452710381,21,Baseline,17.0,17
-24.7038586,21,Baseline,17.0,17
-9.265611145,21,Baseline,17.0,17
-24.30964674,21,Baseline,17.0,17
0.527278058,21,Baseline,17.0,17
-4.620608129,21,Baseline,18.0,18
1.042715494,21,Baseline,18.0,18
-3.341756956,21,Baseline,18.0,18
-13.69855869,21,Baseline,18.0,18
13.56124623,21,Baseline,18.0,18
-12.99076898,21,Baseline,18.0,18
-0.242395966,21,Baseline,19.0,19
-23.06130623,21,Baseline,19.0,19
-7.562304533,21,Baseline,19.0,19
10.94384586,21,Baseline,19.0,19
-4.606088216,21,Baseline,19.0,19
-59.41025614,21,Baseline,19.0,19
-1.035240646,21,Baseline,20.0,20
-12.64256128,21,Baseline,20.0,20
-3.958500029,21,Baseline,20.0,20
-12.3796674,21,Baseline,20.0,20
-7.306152559,21,Baseline,20.0,20
5.167914088,21,Baseline,20.0,20
8.917677439,21,Baseline,21.0,21
-14.19908602,21,Baseline,21.0,21
-112.2120853,21,Baseline,21.0,21
-24.2533368,21,Baseline,21.0,21
-6.524078893,21,Baseline,21.0,21
-12.31705183,21,Baseline,21.0,21
-0.885594719,21,Baseline,22.0,22
-4.436633113,21,Baseline,22.0,22
-1.068947397,21,Baseline,22.0,22
-5.882462515,21,Baseline,22.0,22
-2.985396974,21,Baseline,22.0,22
-15.62801197,21,Baseline,22.0,22
-4.287476041,21,Baseline,23.0,23
-1.715488761,21,Baseline,23.0,23
-11.23647372,21,Baseline,23.0,23
-38.63994731,21,Baseline,23.0,23
-15.81203608,21,Baseline,23.0,23
-3.400452818,21,Baseline,23.0,23
4.269821847,21,Baseline,24.0,24
-14.19267097,21,Baseline,24.0,24
-118.2642351,21,Baseline,24.0,24
-10.86665102,21,Baseline,24.0,24
-11.29300993,21,Baseline,24.0,24
-4.75964203,21,Baseline,24.0,24
-11.87451893,21,Baseline,25.0,25
-7.339024704,21,Baseline,25.0,25
-9.66298643,21,Baseline,25.0,25
-16.56076617,21,Baseline,25.0,25
-4.582219989,21,Baseline,25.0,25
-2.755207999,21,Baseline,25.0,25
-11.88510276,21,Baseline,26.0,26
-5.572667565,21,Baseline,26.0,26
-5.945268068,21,Baseline,26.0,26
-25.17855742,21,Baseline,26.0,26
-15.21027639,21,Baseline,26.0,26
-14.62543082,21,Baseline,26.0,26
-5.335357338,21,Baseline,27.0,27
-5.342156536,21,Baseline,27.0,27
-4.451602229,21,Baseline,27.0,27
-15.18619552,21,Baseline,27.0,27
178.9714252,21,Baseline,27.0,27
-3.981771989,21,Baseline,27.0,27
-7.115316398,21,Baseline,28.0,28
-6.886468274,21,Baseline,28.0,28
-7.075329276,21,Baseline,28.0,28
-4.476136904,21,Baseline,28.0,28
-12.50771811,21,Baseline,28.0,28
-7.233811296,21,Baseline,28.0,28
13.58212484,21,Rotation,1.0,29
-7.077036995,21,Rotation,1.0,29
8.771852434,21,Rotation,1.0,29
34.25429297,21,Rotation,1.0,29
18.82494862,21,Rotation,1.0,29
9.428391175,21,Rotation,1.0,29
4.339519063,21,Rotation,2.0,30
21.48610554,21,Rotation,2.0,30
10.01861077,21,Rotation,2.0,30
0.341840059,21,Rotation,2.0,30
13.14622651,21,Rotation,2.0,30
5.909173972,21,Rotation,2.0,30
-19.97114706,21,Rotation,3.0,31
8.86660409,21,Rotation,3.0,31
3.124076608,21,Rotation,3.0,31
1.81561617,21,Rotation,3.0,31
7.335519053,21,Rotation,3.0,31
3.931199516,21,Rotation,3.0,31
6.392693464,21,Rotation,4.0,32
-1.671867586,21,Rotation,4.0,32
17.31604833,21,Rotation,4.0,32
-2.736911474,21,Rotation,4.0,32
-0.653419206,21,Rotation,4.0,32
2.091727071,21,Rotation,4.0,32
-5.398411085,21,Rotation,5.0,33
-32.3533718,21,Rotation,5.0,33
-1.88680073,21,Rotation,5.0,33
4.469343425,21,Rotation,5.0,33
0.032647815,21,Rotation,5.0,33
-24.33907871,21,Rotation,5.0,33
-3.526079654,21,Rotation,6.0,34
0.068242976,21,Rotation,6.0,34
-1.983943694,21,Rotation,6.0,34
5.841374408,21,Rotation,6.0,34
-1.245089245,21,Rotation,6.0,34
-14.3038627,21,Rotation,6.0,34
-4.13309303,21,Rotation,7.0,35
-10.52148353,21,Rotation,7.0,35
-9.649682437,21,Rotation,7.0,35
-2.320176794,21,Rotation,7.0,35
-3.411022562,21,Rotation,7.0,35
5.644650935,21,Rotation,7.0,35
-1.555281428,21,Rotation,8.0,36
-10.84108186,21,Rotation,8.0,36
-2.307283064,21,Rotation,8.0,36
-13.39526159,21,Rotation,8.0,36
-1.309609837,21,Rotation,8.0,36
-2.283898097,21,Rotation,8.0,36
-25.80418193,21,Rotation,9.0,37
8.125696786,21,Rotation,9.0,37
-1.821656265,21,Rotation,9.0,37
-4.956922164,21,Rotation,9.0,37
-11.77608816,21,Rotation,9.0,37
-0.82240558,21,Rotation,9.0,37
-1.268557832,21,Rotation,10.0,38
9.01318254,21,Rotation,10.0,38
-1.806227727,21,Rotation,10.0,38
-5.60330784,21,Rotation,10.0,38
-3.342798239,21,Rotation,10.0,38
-9.588524509,21,Rotation,10.0,38
-16.51941827,21,Rotation,11.0,39
0.102005714,21,Rotation,11.0,39
-2.167816729,21,Rotation,11.0,39
-5.559696014,21,Rotation,11.0,39
-2.415984464,21,Rotation,11.0,39
-5.669982245,21,Rotation,11.0,39
-0.923014229,21,Rotation,12.0,40
-1.205888955,21,Rotation,12.0,40
-1.673155321,21,Rotation,12.0,40
-3.481820277,21,Rotation,12.0,40
-6.475060368,21,Rotation,12.0,40
-2.52951472,21,Rotation,12.0,40
-0.45624101,21,Rotation,13.0,41
-10.64612598,21,Rotation,13.0,41
-3.135155204,21,Rotation,13.0,41
-0.090428967,21,Rotation,13.0,41
2.362510506,21,Rotation,13.0,41
-8.191015022,21,Rotation,13.0,41
-0.010442181,21,Rotation,14.0,42
-0.895613011,21,Rotation,14.0,42
-18.63588648,21,Rotation,14.0,42
-0.621833974,21,Rotation,14.0,42
-13.31107419,21,Rotation,14.0,42
-20.64007322,21,Rotation,14.0,42
-1.241195468,21,Rotation,15.0,43
0.272842988,21,Rotation,15.0,43
-0.706393449,21,Rotation,15.0,43
-2.899936281,21,Rotation,15.0,43
10.10834383,21,Rotation,15.0,43
-3.198165709,21,Rotation,15.0,43
-80.32943621,21,Washout,1.0,44
-8.297623537,21,Washout,1.0,44
-0.771145809,21,Washout,1.0,44
-4.507685015,21,Washout,1.0,44
-76.40039952,21,Washout,1.0,44
-53.99096313,21,Washout,1.0,44
-59.47645462,21,Washout,2.0,45
2.38602863,21,Washout,2.0,45
-3.188006931,21,Washout,2.0,45
-8.951940104,21,Washout,2.0,45
-7.807134431,21,Washout,2.0,45
-4.55088886,21,Washout,2.0,45
-4.786414394,21,Washout,3.0,46
-0.769906229,21,Washout,3.0,46
1.474860976,21,Washout,3.0,46
-9.352844696,21,Washout,3.0,46
-6.067282323,21,Washout,3.0,46
-5.021634482,21,Washout,3.0,46
-7.790024994,21,Washout,4.0,47
-1.345576019,21,Washout,4.0,47
-9.874893216,21,Washout,4.0,47
-5.838424242,21,Washout,4.0,47
-7.354412876,21,Washout,4.0,47
-2.991152405,21,Washout,4.0,47
-14.85040449,21,Washout,5.0,48
-7.651810205,21,Washout,5.0,48
-8.893719272,21,Washout,5.0,48
-4.346638546,21,Washout,5.0,48
-6.415391638,21,Washout,5.0,48
-4.641566992,21,Washout,5.0,48
-6.356359847,21,Washout,6.0,49
-3.178545466,21,Washout,6.0,49
-9.90492938,21,Washout,6.0,49
-8.368823344,21,Washout,6.0,49
-6.614077452,21,Washout,6.0,49
-6.899637639,21,Washout,6.0,49
-11.26386991,21,Washout,7.0,50
-0.486011174,21,Washout,7.0,50
-4.40531236,21,Washout,7.0,50
-5.006784929,21,Washout,7.0,50
-5.89384507,21,Washout,7.0,50
-1.822584454,21,Washout,7.0,50
-3.900821396,21,Washout,8.0,51
-4.280079715,21,Washout,8.0,51
-6.351216624,21,Washout,8.0,51
-3.09275235,21,Washout,8.0,51
-7.923930307,21,Washout,8.0,51
-2.894056355,21,Washout,8.0,51
-3.176192966,21,Washout,9.0,52
-4.054381112,21,Washout,9.0,52
-5.939958834,21,Washout,9.0,52
-3.246645596,21,Washout,9.0,52
-3.302405327,21,Washout,9.0,52
-3.67217711,21,Washout,9.0,52
-7.294443105,21,Washout,10.0,53
-3.031022406,21,Washout,10.0,53
0.28064423,21,Washout,10.0,53
-2.110805004,21,Washout,10.0,53
-4.517994984,21,Washout,10.0,53
-4.082107601,21,Washout,10.0,53
15.98425678,21,ReRotation,1.0,54
20.68870269,21,ReRotation,1.0,54
33.3291644,21,ReRotation,1.0,54
2.442609372,21,ReRotation,1.0,54
9.677442595,21,ReRotation,1.0,54
3.230482399,21,ReRotation,1.0,54
-3.721895899,3,Baseline,1.0,1
-77.97607521,3,Baseline,1.0,1
8.008613361,3,Baseline,1.0,1
11.46408279,3,Baseline,1.0,1
6.307664476,3,Baseline,1.0,1
-2.780427186,3,Baseline,1.0,1
6.973484421,3,Baseline,2.0,2
-10.19053932,3,Baseline,2.0,2
-11.49568042,3,Baseline,2.0,2
2.088301793,3,Baseline,2.0,2
-6.306225836,3,Baseline,2.0,2
3.479864439,3,Baseline,2.0,2
-12.61832217,3,Baseline,3.0,3
3.966715496,3,Baseline,3.0,3
-10.53330015,3,Baseline,3.0,3
-1.07751283,3,Baseline,3.0,3
-5.217878113,3,Baseline,3.0,3
-7.713378461,3,Baseline,3.0,3
-8.370648652,3,Baseline,4.0,4
-9.200953937,3,Baseline,4.0,4
-4.180696121,3,Baseline,4.0,4
9.417345111,3,Baseline,4.0,4
-1.243490291,3,Baseline,4.0,4
4.186177138,3,Baseline,4.0,4
-9.852668281,3,Baseline,5.0,5
-8.135201937,3,Baseline,5.0,5
-51.64634244,3,Baseline,5.0,5
-5.125705364,3,Baseline,5.0,5
4.377529218,3,Baseline,5.0,5
3.179657904,3,Baseline,5.0,5
-113.1790895,3,Baseline,6.0,6
-3.675115518,3,Baseline,6.0,6
-3.681109406,3,Baseline,6.0,6
9.543467895,3,Baseline,6.0,6
1.535424296,3,Baseline,6.0,6
1.62630798,3,Baseline,6.0,6
-10.39288839,3,Baseline,7.0,7
-8.069680501,3,Baseline,7.0,7
10.37612916,3,Baseline,7.0,7
-11.93869354,3,Baseline,7.0,7
-11.44503141,3,Baseline,7.0,7
-7.273611501,3,Baseline,7.0,7
-117.6128709,3,Baseline,8.0,8
-10.63274536,3,Baseline,8.0,8
12.09205374,3,Baseline,8.0,8
3.433461135,3,Baseline,8.0,8
-13.48959008,3,Baseline,8.0,8
102.9708431,3,Baseline,8.0,8
-12.7450295,3,Baseline,9.0,9
-10.06441435,3,Baseline,9.0,9
2.214931857,3,Baseline,9.0,9
3.683609183,3,Baseline,9.0,9
7.920994642,3,Baseline,9.0,9
-11.50824327,3,Baseline,9.0,9
-4.43956586,3,Baseline,10.0,10
-13.06126609,3,Baseline,10.0,10
-0.025314018,3,Baseline,10.0,10
-8.803022182,3,Baseline,10.0,10
6.230999564,3,Baseline,10.0,10
6.469757394,3,Baseline,10.0,10
-9.946032572,3,Baseline,11.0,11
1.884754545,3,Baseline,11.0,11
-4.488502212,3,Baseline,11.0,11
-47.84595797,3,Baseline,11.0,11
-13.10818935,3,Baseline,11.0,11
2.249231257,3,Baseline,11.0,11
-111.0031477,3,Baseline,12.0,12
-4.3471472,3,Baseline,12.0,12
-16.95198583,3,Baseline,12.0,12
-6.800236604,3,Baseline,12.0,12
9.07568303,3,Baseline,12.0,12
-0.368767289,3,Baseline,12.0,12
2.313512274,3,Baseline,13.0,13
-11.49596529,3,Baseline,13.0,13
-113.5245699,3,Baseline,13.0,13
1.54941552,3,Baseline,13.0,13
-8.024618354,3,Baseline,13.0,13
7.783519427,3,Baseline,13.0,13
-26.55823636,3,Baseline,14.0,14
-11.00959467,3,Baseline,14.0,14
-17.59133784,3,Baseline,14.0,14
-153.5357783,3,Baseline,14.0,14
-86.2177168,3,Baseline,14.0,14
-6.306232998,3,Baseline,14.0,14
-3.045862431,3,Baseline,15.0,15
-7.673248547,3,Baseline,15.0,15
-113.9325269,3,Baseline,15.0,15
-15.93144295,3,Baseline,15.0,15
8.204507836,3,Baseline,15.0,15
-8.166837522,3,Baseline,15.0,15
-24.0824617,3,Baseline,16.0,16
-9.94689388,3,Baseline,16.0,16
-22.4817647,3,Baseline,16.0,16
3.034667545,3,Baseline,16.0,16
-11.51283042,3,Baseline,16.0,16
-3.351900175,3,Baseline,16.0,16
10.36797152,3,Baseline,17.0,17
-106.747668,3,Baseline,17.0,17
0.209759209,3,Baseline,17.0,17
-3.420270702,3,Baseline,17.0,17
2.745185553,3,Baseline,17.0,17
2.264255373,3,Baseline,17.0,17
-2.577101508,3,Baseline,18.0,18
-9.260279172,3,Baseline,18.0,18
-2.343851091,3,Baseline,18.0,18
-36.49344191,3,Baseline,18.0,18
-24.66798509,3,Baseline,18.0,18
-6.304146114,3,Baseline,18.0,18
-70.96794511,3,Baseline,19.0,19
-7.306712168,3,Baseline,19.0,19
-5.454866981,3,Baseline,19.0,19
-10.40825295,3,Baseline,19.0,19
35.41387562,3,Baseline,19.0,19
2.903331624,3,Baseline,19.0,19
-8.873513017,3,Baseline,20.0,20
-6.615953343,3,Baseline,20.0,20
-4.200430437,3,Baseline,20.0,20
3.389847576,3,Baseline,20.0,20
3.615223747,3,Baseline,20.0,20
4.303903825,3,Baseline,20.0,20
0.884585256,3,Baseline,21.0,21
0.616365201,3,Baseline,21.0,21
-7.803951049,3,Baseline,21.0,21
-3.055714555,3,Baseline,21.0,21
-2.78010567,3,Baseline,21.0,21
-71.42935463,3,Baseline,21.0,21
-8.425608079,3,Baseline,22.0,22
-4.203210598,3,Baseline,22.0,22
-73.51755801,3,Baseline,22.0,22
2.0907754,3,Baseline,22.0,22
2.797342736,3,Baseline,22.0,22
13.22752183,3,Baseline,22.0,22
-15.35678423,3,Baseline,23.0,23
-13.83633139,3,Baseline,23.0,23
-5.794587578,3,Baseline,23.0,23
4.801362626,3,Baseline,23.0,23
-11.81792933,3,Baseline,23.0,23
2.281710357,3,Baseline,23.0,23
-2.174777805,3,Baseline,24.0,24
-8.160564569,3,Baseline,24.0,24
-7.053463391,3,Baseline,24.0,24
-4.394341517,3,Baseline,24.0,24
1.907223692,3,Baseline,24.0,24
1.47445125,3,Baseline,24.0,24
-0.039677091,3,Baseline,25.0,25
2.869946289,3,Baseline,25.0,25
2.228425799,3,Baseline,25.0,25
4.432794689,3,Baseline,25.0,25
-5.290701899,3,Baseline,25.0,25
0.376008636,3,Baseline,25.0,25
-4.189055597,3,Baseline,26.0,26
-1.412566189,3,Baseline,26.0,26
-1.076564227,3,Baseline,26.0,26
-1.93813177,3,Baseline,26.0,26
18.94152796,3,Rotation,1.0,27
172.5323507,3,Rotation,1.0,27
96.07032042,3,Rotation,1.0,27
22.6422427,3,Rotation,1.0,27
-126.8906709,3,Rotation,1.0,27
29.05079452,3,Rotation,1.0,27
11.04085249,3,Rotation,2.0,28
49.34479057,3,Rotation,2.0,28
18.82722512,3,Rotation,2.0,28
13.27023075,3,Rotation,2.0,28
14.43655022,3,Rotation,2.0,28
33.7498341,3,Rotation,2.0,28
0.019842969,3,Rotation,3.0,29
20.69306133,3,Rotation,3.0,29
-2.45559694,3,Rotation,3.0,29
4.167762073,3,Rotation,3.0,29
3.752263604,3,Rotation,3.0,29
16.73411288,3,Rotation,3.0,29
6.510540863,3,Rotation,4.0,30
-2.285562626,3,Rotation,4.0,30
10.01158047,3,Rotation,4.0,30
52.96931478,3,Rotation,4.0,30
7.535495414,3,Rotation,4.0,30
1.287859484,3,Rotation,4.0,30
-0.533945824,3,Rotation,5.0,31
-3.407610925,3,Rotation,5.0,31
20.24209491,3,Rotation,5.0,31
2.958669062,3,Rotation,5.0,31
-0.957401247,3,Rotation,5.0,31
6.439452523,3,Rotation,5.0,31
56.57632445,3,Rotation,6.0,32
40.19096818,3,Rotation,6.0,32
3.291854225,3,Rotation,6.0,32
42.8799192,3,Rotation,6.0,32
6.113769205,3,Rotation,6.0,32
2.095218021,3,Rotation,6.0,32
9.389863342,3,Rotation,7.0,33
4.650699073,3,Rotation,7.0,33
5.068299938,3,Rotation,7.0,33
8.70619337,3,Rotation,7.0,33
-2.013728901,3,Rotation,7.0,33
7.263077634,3,Rotation,7.0,33
10.17116621,3,Rotation,8.0,34
-1.866966297,3,Rotation,8.0,34
7.499817088,3,Rotation,8.0,34
-1.224017442,3,Rotation,8.0,34
-0.0004939,3,Rotation,8.0,34
9.886358221,3,Rotation,8.0,34
-1.012551405,3,Rotation,9.0,35
-3.515160842,3,Rotation,9.0,35
0.612816882,3,Rotation,9.0,35
1.065001504,3,Rotation,9.0,35
-6.433450955,3,Rotation,9.0,35
-0.850179708,3,Rotation,9.0,35
-0.734966041,3,Rotation,10.0,36
-7.665694626,3,Rotation,10.0,36
24.63863645,3,Rotation,10.0,36
136.1174317,3,Rotation,10.0,36
11.45454821,3,Rotation,10.0,36
-24.28704979,3,Rotation,10.0,36
15.23045038,3,Rotation,11.0,37
10.13474934,3,Rotation,11.0,37
-0.558443086,3,Rotation,11.0,37
11.79511214,3,Rotation,11.0,37
-11.22990228,3,Rotation,11.0,37
17.69336926,3,Rotation,11.0,37
-0.732921749,3,Rotation,12.0,38
19.4609572,3,Rotation,12.0,38
1.298697685,3,Rotation,12.0,38
3.351469353,3,Rotation,12.0,38
0.804454635,3,Rotation,12.0,38
13.22445277,3,Rotation,12.0,38
-0.587580524,3,Rotation,13.0,39
-75.35430307,3,Rotation,13.0,39
-6.62194313,3,Rotation,13.0,39
0.972482056,3,Rotation,13.0,39
8.829202604,3,Rotation,13.0,39
6.656002149,3,Rotation,13.0,39
-2.895332707,3,Rotation,14.0,40
-4.303548488,3,Rotation,14.0,40
0.183562416,3,Rotation,14.0,40
-2.682140403,3,Rotation,14.0,40
-6.689457969,3,Rotation,14.0,40
-27.66442619,3,Rotation,14.0,40
10.83043192,3,Rotation,15.0,41
5.509871092,3,Rotation,15.0,41
14.80910663,3,Rotation,15.0,41
11.2475417,3,Rotation,15.0,41
-90.43529578,3,Rotation,15.0,41
10.59974941,3,Rotation,15.0,41
8.673047499,3,Washout,1.0,42
-3.420294144,3,Washout,1.0,42
-46.81306037,3,Washout,1.0,42
-39.94443077,3,Washout,1.0,42
-8.308295223,3,Washout,1.0,42
-47.70225716,3,Washout,1.0,42
0.058188737,3,Washout,2.0,43
-9.302260541,3,Washout,2.0,43
64.01466936,3,Washout,2.0,43
-5.545045938,3,Washout,2.0,43
-11.52525224,3,Washout,2.0,43
-12.61438581,3,Washout,2.0,43
-2.707046415,3,Washout,3.0,44
-13.18787858,3,Washout,3.0,44
0.356360357,3,Washout,3.0,44
-1.495769087,3,Washout,3.0,44
-7.854603863,3,Washout,3.0,44
-2.817003461,3,Washout,3.0,44
-9.059375383,3,Washout,4.0,45
2.245250284,3,Washout,4.0,45
-5.411271503,3,Washout,4.0,45
-1.519379451,3,Washout,4.0,45
-11.72219879,3,Washout,4.0,45
-1.771665965,3,Washout,4.0,45
2.057648663,3,Washout,5.0,46
-7.81997542,3,Washout,5.0,46
-28.39036664,3,Washout,5.0,46
2.407969401,3,Washout,5.0,46
-8.870473251,3,Washout,5.0,46
-116.7559256,3,Washout,5.0,46
4.858517515,3,Washout,6.0,47
-4.766840637,3,Washout,6.0,47
-114.0731452,3,Washout,6.0,47
4.609804927,3,Washout,6.0,47
-2.143595653,3,Washout,6.0,47
-12.68252015,3,Washout,6.0,47
-7.141967775,3,Washout,7.0,48
-2.871567715,3,Washout,7.0,48
-8.271832508,3,Washout,7.0,48
-32.20614445,3,Washout,7.0,48
-5.026960373,3,Washout,7.0,48
116.0759974,3,Washout,7.0,48
-13.53799255,3,Washout,8.0,49
-8.567633385,3,Washout,8.0,49
-10.53688296,3,Washout,8.0,49
-3.88792739,3,Washout,8.0,49
-4.05034516,3,Washout,8.0,49
-7.262578665,3,Washout,8.0,49
-14.24358353,3,Washout,9.0,50
-11.82327897,3,Washout,9.0,50
-3.817728536,3,Washout,9.0,50
-11.7343703,3,Washout,9.0,50
-5.796727563,3,Washout,9.0,50
-0.15792861,3,Washout,9.0,50
-1.085866685,3,Washout,10.0,51
-0.426269067,3,Washout,10.0,51
-6.183910844,3,Washout,10.0,51
-3.959654005,3,Washout,10.0,51
-6.342011471,3,Washout,10.0,51
-11.39759249,3,Washout,10.0,51
-16.10678071,3,ReRotation,1.0,52
6.58222331,3,ReRotation,1.0,52
9.778160894,3,ReRotation,1.0,52
-5.436093248,3,ReRotation,1.0,52
7.086785992,3,ReRotation,1.0,52
-2.572110769,3,ReRotation,1.0,52
3.210513299,3,ReRotation,2.0,53
-7.057342994,3,ReRotation,2.0,53
-1.239948693,3,ReRotation,2.0,53
-9.797742797,3,ReRotation,2.0,53
0.646629364,3,ReRotation,2.0,53
0.034211412,3,ReRotation,2.0,53
-167.596886,3,ReRotation,3.0,54
21.98482629,3,ReRotation,3.0,54
11.05821344,3,ReRotation,3.0,54
2.048908659,3,ReRotation,3.0,54
12.99861269,3,ReRotation,3.0,54
5.799204203,3,ReRotation,3.0,54
-12.75381933,3,ReRotation,4.0,55
-7.070043608,3,ReRotation,4.0,55
27.74007792,3,ReRotation,4.0,55
9.813727231,3,ReRotation,4.0,55
2.995698637,3,ReRotation,4.0,55
9.055214576,3,ReRotation,4.0,55
10.24289138,3,ReRotation,5.0,56
23.7428066,3,ReRotation,5.0,56
5.187803463,3,ReRotation,5.0,56
18.85884916,3,ReRotation,5.0,56
5.980083402,3,ReRotation,5.0,56
19.29043967,3,ReRotation,5.0,56
8.898449962,3,ReRotation,6.0,57
2.97538358,3,ReRotation,6.0,57
9.042080882,3,ReRotation,6.0,57
-0.055489207,3,ReRotation,6.0,57
16.45374925,3,ReRotation,6.0,57
-110.633757,3,ReRotation,6.0,57
8.337814225,3,ReRotation,7.0,58
21.93792462,3,ReRotation,7.0,58
-8.860175481,3,ReRotation,7.0,58
15.23863334,3,ReRotation,7.0,58
11.66206519,3,ReRotation,7.0,58
25.82655595,3,ReRotation,7.0,58
-2.71140183,3,ReRotation,8.0,59
-121.2169021,3,ReRotation,8.0,59
-6.512326961,3,ReRotation,8.0,59
19.03656232,3,ReRotation,8.0,59
7.668474538,3,ReRotation,8.0,59
-12.90970072,3,ReRotation,8.0,59
-176.3955384,7,Baseline,1.0,1
17.26587785,7,Baseline,1.0,1
7.407171394,7,Baseline,1.0,1
-16.10089122,7,Baseline,1.0,1
-5.589062143,7,Baseline,1.0,1
11.43973295,7,Baseline,1.0,1
7.657662664,7,Baseline,2.0,2
-18.00652939,7,Baseline,2.0,2
8.197768257,7,Baseline,2.0,2
161.7391585,7,Baseline,2.0,2
-1.295163244,7,Baseline,2.0,2
9.617906907,7,Baseline,2.0,2
14.68588952,7,Baseline,3.0,3
0.324997994,7,Baseline,3.0,3
-6.757114405,7,Baseline,3.0,3
-6.278520763,7,Baseline,3.0,3
5.30081333,7,Baseline,3.0,3
-76.46870742,7,Baseline,3.0,3
-0.581483543,7,Baseline,4.0,4
-20.71066908,7,Baseline,4.0,4
4.688661449,7,Baseline,4.0,4
-18.03109963,7,Baseline,4.0,4
-126.2472834,7,Baseline,4.0,4
-133.9638404,7,Baseline,4.0,4
-4.423344298,7,Baseline,5.0,5
22.71737632,7,Baseline,5.0,5
-26.34134121,7,Baseline,5.0,5
-4.821313594,7,Baseline,5.0,5
-1.548326789,7,Baseline,5.0,5
3.526667753,7,Baseline,5.0,5
-15.66524075,7,Baseline,6.0,6
10.00705704,7,Baseline,6.0,6
-0.360466794,7,Baseline,6.0,6
-13.56051711,7,Baseline,6.0,6
26.8511526,7,Baseline,6.0,6
-5.149141924,7,Baseline,6.0,6
-9.608687037,7,Baseline,7.0,7
1.461901721,7,Baseline,7.0,7
2.630644398,7,Baseline,7.0,7
-1.62591411,7,Baseline,7.0,7
1.817772627,7,Baseline,7.0,7
5.867529763,7,Baseline,7.0,7
5.888515776,7,Baseline,8.0,8
-2.974188778,7,Baseline,8.0,8
6.904463864,7,Baseline,8.0,8
0.000675745,7,Baseline,8.0,8
-23.4777225,7,Baseline,8.0,8
1.074561599,7,Baseline,8.0,8
-16.56324316,7,Baseline,9.0,9
-120.4611043,7,Baseline,9.0,9
48.45063853,7,Baseline,9.0,9
-13.69484333,7,Baseline,9.0,9
8.560794467,7,Baseline,9.0,9
-0.446655234,7,Baseline,9.0,9
-7.189098353,7,Baseline,10.0,10
-2.090054912,7,Baseline,10.0,10
-9.311644901,7,Baseline,10.0,10
64.86752744,7,Baseline,10.0,10
-0.104079561,7,Baseline,10.0,10
-18.51333168,7,Baseline,10.0,10
2.673061046,7,Baseline,11.0,11
-4.384852735,7,Baseline,11.0,11
-2.374291956,7,Baseline,11.0,11
-6.486119063,7,Baseline,11.0,11
-12.47338529,7,Baseline,11.0,11
6.612611707,7,Baseline,11.0,11
1.682086018,7,Baseline,12.0,12
19.87725818,7,Baseline,12.0,12
-29.70469817,7,Baseline,12.0,12
-4.463000552,7,Baseline,12.0,12
-8.523549273,7,Baseline,12.0,12
-1.825512853,7,Baseline,12.0,12
-72.79958507,7,Rotation,1.0,13
8.380319976,7,Rotation,1.0,13
124.3085001,7,Rotation,1.0,13
21.24928335,7,Rotation,1.0,13
19.97612889,7,Rotation,1.0,13
9.430620709,7,Rotation,1.0,13
-3.446121535,7,Rotation,2.0,14
-78.38618661,7,Rotation,2.0,14
24.439835,7,Rotation,2.0,14
15.83268827,7,Rotation,2.0,14
79.25935076,7,Rotation,2.0,14
11.24893709,7,Rotation,2.0,14
8.036277013,7,Rotation,3.0,15
5.927369662,7,Rotation,3.0,15
14.03126213,7,Rotation,3.0,15
10.42346336,7,Rotation,3.0,15
6.315894401,7,Rotation,3.0,15
-2.580961464,7,Rotation,3.0,15
14.03196044,7,Rotation,4.0,16
7.259993879,7,Rotation,4.0,16
1.887284365,7,Rotation,4.0,16
12.62728908,7,Rotation,4.0,16
-121.3575068,7,Rotation,4.0,16
14.22169555,7,Rotation,4.0,16
50.34036493,7,Rotation,5.0,17
6.608532535,7,Rotation,5.0,17
12.79030707,7,Rotation,5.0,17
6.876839022,7,Rotation,5.0,17
7.640393508,7,Rotation,5.0,17
4.168748051,7,Rotation,5.0,17
7.377501921,7,Rotation,6.0,18
6.672519737,7,Rotation,6.0,18
82.04850018,7,Rotation,6.0,18
9.70196922,7,Rotation,6.0,18
-5.571272505,7,Rotation,6.0,18
7.78805117,7,Rotation,6.0,18
11.56718926,7,Rotation,7.0,19
77.29781651,7,Rotation,7.0,19
22.89522883,7,Rotation,7.0,19
6.07084285,7,Rotation,7.0,19
10.02598943,7,Rotation,7.0,19
14.14775242,7,Rotation,7.0,19
6.597692888,7,Rotation,8.0,20
8.052942898,7,Rotation,8.0,20
20.99821357,7,Rotation,8.0,20
9.339321589,7,Rotation,8.0,20
-6.923406599,7,Rotation,8.0,20
14.39628222,7,Rotation,8.0,20
3.489649008,7,Rotation,9.0,21
70.92041484,7,Rotation,9.0,21
11.65802185,7,Rotation,9.0,21
10.90905644,7,Rotation,9.0,21
-9.735225136,7,Rotation,9.0,21
-149.6280014,7,Rotation,9.0,21
-10.14545158,7,Rotation,10.0,22
6.796199896,7,Rotation,10.0,22
11.52105546,7,Rotation,10.0,22
0.966926778,7,Rotation,10.0,22
0.682606437,7,Rotation,10.0,22
-0.990651145,7,Rotation,10.0,22
-18.22708441,7,Rotation,11.0,23
-2.202187306,7,Rotation,11.0,23
24.53551724,7,Rotation,11.0,23
20.52988637,7,Rotation,11.0,23
1.640174164,7,Rotation,11.0,23
2.894103959,7,Rotation,11.0,23
5.567562249,7,Rotation,12.0,24
8.449022173,7,Rotation,12.0,24
2.399443365,7,Rotation,12.0,24
-7.700792794,7,Rotation,12.0,24
-12.10669918,7,Rotation,12.0,24
1.849074236,7,Rotation,12.0,24
11.71395357,7,Rotation,13.0,25
15.12957143,7,Rotation,13.0,25
8.087411197,7,Rotation,13.0,25
7.555088631,7,Rotation,13.0,25
25.54477243,7,Rotation,13.0,25
3.778088782,7,Rotation,13.0,25
-0.068875433,7,Rotation,14.0,26
1.882148561,7,Rotation,14.0,26
-14.80481172,7,Rotation,14.0,26
1.965394248,7,Rotation,14.0,26
6.533638556,7,Rotation,14.0,26
5.662845068,7,Rotation,14.0,26
2.566692582,7,Rotation,15.0,27
-6.396888889,7,Rotation,15.0,27
0.459852448,7,Rotation,15.0,27
-3.528199139,7,Rotation,15.0,27
9.165602213,7,Rotation,15.0,27
-1.327273724,7,Rotation,15.0,27
-8.703341925,7,Washout,1.0,28
-10.77524571,7,Washout,1.0,28
-12.7919271,7,Washout,1.0,28
-5.984313477,7,Washout,1.0,28
-4.82371874,7,Washout,1.0,28
-40.79534587,7,Washout,1.0,28
1.775665354,7,Washout,2.0,29
-1.10883997,7,Washout,2.0,29
-11.92090054,7,Washout,2.0,29
-6.634567037,7,Washout,2.0,29
-15.96305131,7,Washout,2.0,29
-3.670120951,7,Washout,2.0,29
-5.564894184,7,Washout,3.0,30
-3.577064879,7,Washout,3.0,30
1.77262794,7,Washout,3.0,30
-14.7012555,7,Washout,3.0,30
-5.326308471,7,Washout,3.0,30
-2.001739248,7,Washout,3.0,30
6.794680067,7,Washout,4.0,31
4.215409925,7,Washout,4.0,31
-1.006189449,7,Washout,4.0,31
-0.643942476,7,Washout,4.0,31
0.001710764,7,Washout,4.0,31
23.9705428,7,Washout,4.0,31
-10.02247587,7,Washout,5.0,32
-3.267891079,7,Washout,5.0,32
-6.103543471,7,Washout,5.0,32
-11.86858171,7,Washout,5.0,32
0.900005962,7,Washout,5.0,32
-3.358449711,7,Washout,5.0,32
-7.888985751,7,Washout,6.0,33
-3.814558438,7,Washout,6.0,33
-12.40841277,7,Washout,6.0,33
-40.89576964,7,Washout,6.0,33
-9.853305834,7,Washout,6.0,33
12.99275957,7,Washout,6.0,33
-2.9694207,7,Washout,7.0,34
4.477189189,7,Washout,7.0,34
-69.47691561,7,Washout,7.0,34
-8.075447136,7,Washout,7.0,34
-7.278676623,7,Washout,7.0,34
-11.79241679,7,Washout,7.0,34
-19.26176214,7,Washout,8.0,35
1.363369924,7,Washout,8.0,35
-3.607626462,7,Washout,8.0,35
-2.108333348,7,Washout,8.0,35
-6.270984361,7,Washout,8.0,35
-53.03033458,7,Washout,8.0,35
-2.751309705,7,Washout,9.0,36
-2.321175194,7,Washout,9.0,36
3.669106406,7,Washout,9.0,36
-9.345985367,7,Washout,9.0,36
-2.937527434,7,Washout,9.0,36
4.74336147,7,Washout,9.0,36
-2.355790597,7,Washout,10.0,37
-0.016165245,7,Washout,10.0,37
-1.977110862,7,Washout,10.0,37
2.485102501,7,Washout,10.0,37
3.6437977,7,Washout,10.0,37
-3.311071474,7,Washout,10.0,37
2.557575849,7,ReRotation,1.0,38
3.768537525,7,ReRotation,1.0,38
5.782692065,7,ReRotation,1.0,38
9.68954281,7,ReRotation,1.0,38
6.403461828,7,ReRotation,1.0,38
7.919677873,7,ReRotation,1.0,38
7.203665005,7,ReRotation,2.0,39
4.735127431,7,ReRotation,2.0,39
1.686169681,7,ReRotation,2.0,39
2.632201973,7,ReRotation,2.0,39
26.00604354,7,ReRotation,2.0,39
0.608081595,7,ReRotation,2.0,39
4.777846022,7,ReRotation,3.0,40
4.906180204,7,ReRotation,3.0,40
-6.573482405,7,ReRotation,3.0,40
14.25725939,7,ReRotation,3.0,40
-7.427953495,7,ReRotation,3.0,40
-2.536289676,7,ReRotation,3.0,40
-7.381982837,7,ReRotation,4.0,41
5.997938366,7,ReRotation,4.0,41
9.52878556,7,ReRotation,4.0,41
2.614259036,7,ReRotation,4.0,41
5.184758841,7,ReRotation,4.0,41
1.530857941,7,ReRotation,4.0,41
1.544789309,7,ReRotation,5.0,42
1.83148784,7,ReRotation,5.0,42
0.005345933,7,ReRotation,5.0,42
7.002436643,7,ReRotation,5.0,42
8.1077345,7,ReRotation,5.0,42
1.610583418,7,ReRotation,5.0,42
6.016504773,7,ReRotation,6.0,43
20.17340221,7,ReRotation,6.0,43
2.790560839,7,ReRotation,6.0,43
17.17688283,7,ReRotation,6.0,43
6.586618381,7,ReRotation,6.0,43
8.022038682,7,ReRotation,6.0,43
-31.39084975,9,Baseline,1.0,1
-118.283921,9,Baseline,1.0,1
9.517106007,9,Baseline,1.0,1
-126.4104246,9,Baseline,1.0,1
5.396094066,9,Baseline,1.0,1
179.7682075,9,Baseline,1.0,1
63.61216899,9,Baseline,2.0,2
-103.0647639,9,Baseline,2.0,2
-29.47831675,9,Baseline,2.0,2
-101.1465614,9,Baseline,2.0,2
31.93698709,9,Baseline,2.0,2
-119.2695299,9,Baseline,2.0,2
80.31486346,9,Baseline,3.0,3
-23.19386189,9,Baseline,3.0,3
-12.45410609,9,Baseline,3.0,3
-125.6213095,9,Baseline,3.0,3
-85.41925438,9,Baseline,3.0,3
80.97544997,9,Baseline,3.0,3
-12.48941932,9,Baseline,4.0,4
133.2173196,9,Baseline,4.0,4
-10.86534357,9,Baseline,4.0,4
22.17615584,9,Baseline,4.0,4
-7.003975882,9,Baseline,4.0,4
-6.766227741,9,Baseline,4.0,4
-7.910758121,9,Baseline,5.0,5
11.98082042,9,Baseline,5.0,5
-0.490872714,9,Baseline,5.0,5
22.79642698,9,Baseline,5.0,5
-45.12153332,9,Baseline,5.0,5
-21.64785632,9,Baseline,5.0,5
-121.8815349,9,Baseline,6.0,6
-2.154962745,9,Baseline,6.0,6
-15.01180264,9,Baseline,6.0,6
-0.452258598,9,Baseline,6.0,6
4.348048122,9,Baseline,6.0,6
-4.937965642,9,Baseline,6.0,6
-1.643610151,9,Baseline,7.0,7
0.618614316,9,Baseline,7.0,7
2.009806455,9,Baseline,7.0,7
1.31594032,9,Baseline,7.0,7
-64.18517178,9,Baseline,7.0,7
-7.845536186,9,Baseline,7.0,7
-118.5746421,9,Baseline,8.0,8
-2.466228918,9,Baseline,8.0,8
-2.252439227,9,Baseline,8.0,8
50.17788169,9,Baseline,8.0,8
-1.394691652,9,Baseline,8.0,8
-2.538357392,9,Baseline,8.0,8
-4.126660391,9,Baseline,9.0,9
-5.324923763,9,Baseline,9.0,9
110.3981604,9,Baseline,9.0,9
2.642579924,9,Baseline,9.0,9
-170.8516499,9,Baseline,9.0,9
10.81352142,9,Baseline,9.0,9
3.723180912,9,Baseline,10.0,10
2.982855425,9,Baseline,10.0,10
79.15942989,9,Baseline,10.0,10
-115.8682444,9,Baseline,10.0,10
-49.47769103,9,Baseline,10.0,10
45.11455408,9,Baseline,10.0,10
17.08266905,9,Baseline,11.0,11
-6.863993637,9,Baseline,11.0,11
20.32682298,9,Baseline,11.0,11
-0.754087383,9,Baseline,11.0,11
5.817881849,9,Baseline,11.0,11
-30.67078109,9,Baseline,11.0,11
0.396769646,9,Baseline,12.0,12
-24.90797769,9,Baseline,12.0,12
108.9186641,9,Baseline,12.0,12
-123.2675263,9,Baseline,12.0,12
0.372687527,9,Baseline,12.0,12
176.7644336,9,Baseline,12.0,12
-13.61284348,9,Baseline,13.0,13
179.5464684,9,Baseline,13.0,13
-10.40217592,9,Baseline,13.0,13
-1.561003845,9,Baseline,13.0,13
-3.785509732,9,Baseline,13.0,13
-18.90174244,9,Baseline,13.0,13
-3.61285226,9,Baseline,14.0,14
-74.28399073,9,Baseline,14.0,14
77.51833484,9,Baseline,14.0,14
7.148035467,9,Baseline,14.0,14
-151.7117653,9,Baseline,14.0,14
-3.677847714,9,Baseline,14.0,14
-8.575363071,9,Baseline,15.0,15
1.025814496,9,Baseline,15.0,15
4.896302099,9,Baseline,15.0,15
-141.1743184,9,Baseline,15.0,15
-6.513688488,9,Baseline,15.0,15
71.36874159,9,Baseline,15.0,15
-2.612264719,9,Baseline,16.0,16
-2.575979048,9,Baseline,16.0,16
-177.7677475,9,Baseline,16.0,16
-5.525847304,9,Baseline,16.0,16
-2.853137839,9,Baseline,16.0,16
-3.272585128,9,Baseline,16.0,16
13.31453507,9,Baseline,17.0,17
-5.752174601,9,Baseline,17.0,17
3.976479128,9,Baseline,17.0,17
44.63916415,9,Baseline,17.0,17
28.2210063,9,Baseline,17.0,17
-0.734361722,9,Baseline,17.0,17
-3.107454493,9,Baseline,18.0,18
-1.839281016,9,Baseline,18.0,18
-1.999467358,9,Baseline,18.0,18
-0.585492128,9,Baseline,18.0,18
16.60111904,9,Baseline,18.0,18
-2.534900242,9,Baseline,18.0,18
-3.072404041,9,Baseline,19.0,19
-0.538085699,9,Baseline,19.0,19
-3.279754126,9,Baseline,19.0,19
-1.119370613,9,Baseline,19.0,19
-7.955141948,9,Baseline,19.0,19
3.187507264,9,Baseline,19.0,19
0.351252067,9,Baseline,20.0,20
6.179699784,9,Baseline,20.0,20
5.732593594,9,Baseline,20.0,20
21.17646887,9,Baseline,20.0,20
-4.744815502,9,Baseline,20.0,20
-1.367206841,9,Baseline,20.0,20
1.182761454,9,Baseline,21.0,21
-0.011465512,9,Baseline,21.0,21
0.444701224,9,Baseline,21.0,21
-2.398665552,9,Baseline,21.0,21
5.185585781,9,Baseline,21.0,21
0.149342292,9,Baseline,21.0,21
3.431202458,9,Baseline,22.0,22
4.707432818,9,Baseline,22.0,22
3.87961882,9,Baseline,22.0,22
3.989764188,9,Baseline,22.0,22
3.707739946,9,Baseline,22.0,22
1.148680212,9,Baseline,22.0,22
-6.055443626,9,Baseline,23.0,23
2.72091673,9,Baseline,23.0,23
-2.05534725,9,Baseline,23.0,23
0.140548138,9,Baseline,23.0,23
6.208107875,9,Baseline,23.0,23
-2.116066179,9,Baseline,23.0,23
-0.001783148,9,Baseline,24.0,24
2.715701627,9,Baseline,24.0,24
0.759504984,9,Baseline,24.0,24
5.512591413,9,Baseline,24.0,24
70.93900388,9,Rotation,1.0,25
6.448945342,9,Rotation,1.0,25
6.204018228,9,Rotation,1.0,25
2.979733758,9,Rotation,1.0,25
8.097423579,9,Rotation,1.0,25
30.73920769,9,Rotation,1.0,25
23.17847227,9,Rotation,2.0,26
12.25290698,9,Rotation,2.0,26
-10.06955089,9,Rotation,2.0,26
12.07417358,9,Rotation,2.0,26
22.62542226,9,Rotation,2.0,26
6.816678438,9,Rotation,2.0,26
-127.7526999,9,Rotation,3.0,27
-49.17198346,9,Rotation,3.0,27
38.91376168,9,Rotation,3.0,27
13.35486585,9,Rotation,3.0,27
14.77858597,9,Rotation,3.0,27
11.41820877,9,Rotation,3.0,27
0.964273039,9,Rotation,4.0,28
4.023199579,9,Rotation,4.0,28
-14.30746082,9,Rotation,4.0,28
-6.973678942,9,Rotation,4.0,28
-115.4491413,9,Rotation,4.0,28
14.28937243,9,Rotation,4.0,28
2.028595527,9,Rotation,5.0,29
2.026878826,9,Rotation,5.0,29
-28.85905676,9,Rotation,5.0,29
28.98878169,9,Rotation,5.0,29
-1.845332827,9,Rotation,5.0,29
-30.81063534,9,Rotation,5.0,29
14.04361669,9,Rotation,6.0,30
-121.7214887,9,Rotation,6.0,30
-102.9558238,9,Rotation,6.0,30
5.540465971,9,Rotation,6.0,30
-121.3872654,9,Rotation,6.0,30
-118.8987371,9,Rotation,6.0,30
19.99329952,9,Rotation,7.0,31
-179.3321854,9,Rotation,7.0,31
4.153807751,9,Rotation,7.0,31
17.63662441,9,Rotation,7.0,31
-26.15171486,9,Rotation,7.0,31
2.560565248,9,Rotation,7.0,31
-128.2532829,9,Rotation,8.0,32
-26.96806456,9,Rotation,8.0,32
-35.37337606,9,Rotation,8.0,32
-117.189243,9,Rotation,8.0,32
4.068818482,9,Rotation,8.0,32
-138.3199597,9,Rotation,8.0,32
0.285111739,9,Rotation,9.0,33
5.859033615,9,Rotation,9.0,33
9.541369965,9,Rotation,9.0,33
133.6956224,9,Rotation,9.0,33
5.972925787,9,Rotation,9.0,33
-11.98221567,9,Rotation,9.0,33
-1.968666537,9,Rotation,10.0,34
-22.9998038,9,Rotation,10.0,34
6.82361169,9,Rotation,10.0,34
-23.75386306,9,Rotation,10.0,34
2.87582107,9,Rotation,10.0,34
6.956004754,9,Rotation,10.0,34
9.264589803,9,Rotation,11.0,35
3.782350085,9,Rotation,11.0,35
-114.1252422,9,Rotation,11.0,35
-4.954837019,9,Rotation,11.0,35
-21.18144046,9,Rotation,11.0,35
7.382658537,9,Rotation,11.0,35
-11.40153004,9,Rotation,12.0,36
-13.50319833,9,Rotation,12.0,36
-20.2710008,9,Rotation,12.0,36
7.931848936,9,Rotation,12.0,36
-7.248927953,9,Rotation,12.0,36
-138.7804018,9,Rotation,12.0,36
-8.883838691,9,Rotation,13.0,37
11.8897065,9,Rotation,13.0,37
6.414332677,9,Rotation,13.0,37
-124.0423175,9,Rotation,13.0,37
0.021422888,9,Rotation,13.0,37
-13.43456133,9,Rotation,13.0,37
-6.114689,9,Rotation,14.0,38
23.15363019,9,Rotation,14.0,38
7.860988545,9,Rotation,14.0,38
18.78158894,9,Rotation,14.0,38
-126.6846926,9,Rotation,14.0,38
4.693825856,9,Rotation,14.0,38
1.450912124,9,Rotation,15.0,39
-9.972933224,9,Rotation,15.0,39
-131.6748026,9,Rotation,15.0,39
-133.6535707,9,Rotation,15.0,39
-127.2878747,9,Rotation,15.0,39
-3.261537701,9,Rotation,15.0,39
0.83454717,9,Washout,1.0,40
-9.064991993,9,Washout,1.0,40
-13.7809317,9,Washout,1.0,40
-4.673711934,9,Washout,1.0,40
-23.3869121,9,Washout,1.0,40
-17.26173704,9,Washout,1.0,40
-0.265834972,9,Washout,2.0,41
-22.99398545,9,Washout,2.0,41
-4.335710194,9,Washout,2.0,41
-3.642887112,9,Washout,2.0,41
-78.85431351,9,Washout,2.0,41
-134.3078914,9,Washout,2.0,41
0.026232802,9,Washout,3.0,42
-2.85747276,9,Washout,3.0,42
12.52497681,9,Washout,3.0,42
0.05437397,9,Washout,3.0,42
-11.95976564,9,Washout,3.0,42
69.20683591,9,Washout,3.0,42
-10.09438794,9,Washout,4.0,43
-174.7494663,9,Washout,4.0,43
0.824871514,9,Washout,4.0,43
149.58245,9,Washout,4.0,43
0.085667194,9,Washout,4.0,43
-0.212186088,9,Washout,4.0,43
-0.891950171,9,Washout,5.0,44
-2.233861462,9,Washout,5.0,44
-24.44609128,9,Washout,5.0,44
-3.338825497,9,Washout,5.0,44
-1.079569464,9,Washout,5.0,44
-6.143412526,9,Washout,5.0,44
-2.742026788,9,Washout,6.0,45
-2.111149525,9,Washout,6.0,45
174.1584689,9,Washout,6.0,45
-110.954649,9,Washout,6.0,45
-12.5318636,9,Washout,6.0,45
-3.331302909,9,Washout,6.0,45
161.2942837,9,Washout,7.0,46
173.805332,9,Washout,7.0,46
9.1026906,9,Washout,7.0,46
-5.013543925,9,Washout,7.0,46
-6.993228782,9,Washout,7.0,46
-5.262460675,9,Washout,7.0,46
-104.4080054,9,Washout,8.0,47
-17.24480677,9,Washout,8.0,47
0.746477575,9,Washout,8.0,47
-8.577309895,9,Washout,8.0,47
-4.608180663,9,Washout,8.0,47
-1.979464897,9,Washout,8.0,47
-3.450084195,9,Washout,9.0,48
-4.360106185,9,Washout,9.0,48
-15.39127902,9,Washout,9.0,48
-3.806315819,9,Washout,9.0,48
-0.716510612,9,Washout,9.0,48
8.698220907,9,Washout,9.0,48
-2.100057107,9,Washout,10.0,49
-70.63367711,9,Washout,10.0,49
4.826593385,9,Washout,10.0,49
-45.35739407,9,Washout,10.0,49
-10.29498958,9,Washout,10.0,49
4.291280679,9,Washout,10.0,49
7.197981573,9,ReRotation,1.0,50
11.71336296,9,ReRotation,1.0,50
11.75626181,9,ReRotation,1.0,50
-22.9431251,9,ReRotation,1.0,50
9.228446634,9,ReRotation,1.0,50
-121.141229,9,ReRotation,1.0,50
4.064905644,9,ReRotation,2.0,51
0.649419523,9,ReRotation,2.0,51
131.0238907,9,ReRotation,2.0,51
-12.92595411,9,ReRotation,2.0,51
0.039991277,9,ReRotation,2.0,51
-22.50284477,9,ReRotation,2.0,51
7.592013218,9,ReRotation,3.0,52
19.52367403,9,ReRotation,3.0,52
12.52087691,9,ReRotation,3.0,52
6.347150407,9,ReRotation,3.0,52
13.89052648,9,ReRotation,3.0,52
-119.8434717,9,ReRotation,3.0,52
4.397662771,9,ReRotation,4.0,53
0.089040451,9,ReRotation,4.0,53
-0.62651965,9,ReRotation,4.0,53
-2.493564253,9,ReRotation,4.0,53
-46.4913969,9,ReRotation,4.0,53
4.115261785,9,ReRotation,4.0,53
0.053196265,9,ReRotation,5.0,54
6.500922927,9,ReRotation,5.0,54
-0.605904267,9,ReRotation,5.0,54
27.90080217,9,ReRotation,5.0,54
5.424568557,9,ReRotation,5.0,54
3.582911327,9,ReRotation,5.0,54
3.282316612,9,ReRotation,6.0,55
0.725900402,9,ReRotation,6.0,55
-4.949192347,9,ReRotation,6.0,55
-0.342309947,9,ReRotation,6.0,55
13.99140211,9,ReRotation,6.0,55
-0.673959556,9,ReRotation,6.0,55
-2.683179537,9,ReRotation,7.0,56
-3.506921521,9,ReRotation,7.0,56
-7.413118148,9,ReRotation,7.0,56
-10.06575524,9,ReRotation,7.0,56
-3.013655792,9,ReRotation,7.0,56
-1.424258212,9,ReRotation,7.0,56
-13.3039182,9,ReRotation,8.0,57
149.8535909,9,ReRotation,8.0,57
8.731164771,9,ReRotation,8.0,57
-7.818819724,9,ReRotation,8.0,57
2.436234697,9,ReRotation,8.0,57
-3.815768363,9,ReRotation,8.0,57
176.7782153,9,ReRotation,9.0,58
0.151580888,9,ReRotation,9.0,58
-1.437741732,9,ReRotation,9.0,58
0.068080208,9,ReRotation,9.0,58
-15.61638215,9,ReRotation,9.0,58
-1.329600067,9,ReRotation,9.0,58
9.248498617,9,ReRotation,10.0,59
-3.903521463,9,ReRotation,10.0,59
16.78582798,9,ReRotation,10.0,59
1.218784251,9,ReRotation,10.0,59
-141.5163439,9,ReRotation,10.0,59
13.60134896,9,ReRotation,10.0,59
-129.5786114,9,ReRotation,11.0,60
-3.095817504,9,ReRotation,11.0,60
-37.65514311,9,ReRotation,11.0,60
-9.364274881,9,ReRotation,11.0,60
-3.513712278,9,ReRotation,11.0,60
-0.401744646,9,ReRotation,11.0,60
-5.924834282,9,ReRotation,12.0,61
-4.613530686,9,ReRotation,12.0,61
-6.347250522,9,ReRotation,12.0,61
-0.482797788,9,ReRotation,12.0,61
-3.042503595,9,ReRotation,12.0,61
-6.348240699,9,ReRotation,12.0,61
-10.16368553,9,ReRotation,13.0,62
1.328369709,9,ReRotation,13.0,62
-0.810305168,9,ReRotation,13.0,62
-8.336710522,9,ReRotation,13.0,62
-2.904878169,9,ReRotation,13.0,62
-0.055447711,9,ReRotation,13.0,62
-2.615584603,9,ReRotation,14.0,63
-3.558397046,9,ReRotation,14.0,63
-2.893833734,9,ReRotation,14.0,63
4.171320451,9,ReRotation,14.0,63
7.97300793,9,ReRotation,14.0,63
-4.845326965,9,ReRotation,14.0,63
-1.635360683,9,ReRotation,15.0,64
11.12364712,9,ReRotation,15.0,64
1.360476849,9,ReRotation,15.0,64
1.379851629,9,ReRotation,15.0,64
2.837228,9,ReRotation,15.0,64
1.904668734,9,ReRotation,15.0,64
-5.441363921,9,ReWashout,1.0,65
3.988587851,9,ReWashout,1.0,65
-4.353963274,9,ReWashout,1.0,65
-15.04702174,9,ReWashout,1.0,65
-11.00021861,9,ReWashout,1.0,65
-6.686397579,9,ReWashout,1.0,65
-10.09177542,9,ReWashout,2.0,66
-11.37044807,9,ReWashout,2.0,66
-7.155859548,9,ReWashout,2.0,66
-8.674361435,9,ReWashout,2.0,66
-2.964237411,9,ReWashout,2.0,66
-1.297763724,9,ReWashout,2.0,66
-12.80818225,9,ReWashout,3.0,67
-7.698850235,9,ReWashout,3.0,67
-3.78786364,9,ReWashout,3.0,67
-3.063605698,9,ReWashout,3.0,67
-3.759716796,9,ReWashout,3.0,67
-5.776988847,9,ReWashout,3.0,67
-7.678160795,9,ReWashout,4.0,68
8.158249764,9,ReWashout,4.0,68
-4.232702295,9,ReWashout,4.0,68
1.979583253,9,ReWashout,4.0,68
-5.074139951,9,ReWashout,4.0,68
-16.00434113,9,ReWashout,4.0,68
-17.07466196,9,ReWashout,5.0,69
-9.760672511,9,ReWashout,5.0,69
-4.868885706,9,ReWashout,5.0,69
5.293852164,9,ReWashout,5.0,69
-5.586683983,9,ReWashout,5.0,69
-6.410913236,9,ReWashout,5.0,69
-9.882638893,9,ReWashout,6.0,70
-3.076868841,9,ReWashout,6.0,70
-21.26460277,9,ReWashout,6.0,70
-7.494394299,9,ReWashout,6.0,70
-7.535057466,9,ReWashout,6.0,70
-7.205435237,9,ReWashout,6.0,70
-2.960142245,9,ReWashout,7.0,71
-2.204617507,9,ReWashout,7.0,71
-6.037875935,9,ReWashout,7.0,71
-7.28981957,9,ReWashout,7.0,71
-21.86579789,9,ReWashout,7.0,71
-11.12695192,9,ReWashout,7.0,71
-4.937415511,9,ReWashout,8.0,72
-4.541190698,9,ReWashout,8.0,72
-9.080891984,9,ReWashout,8.0,72
-6.189162998,9,ReWashout,8.0,72
-7.744352279,9,ReWashout,8.0,72
-5.175433476,9,ReWashout,8.0,72
-12.64844747,9,ReWashout,9.0,73
-11.62544073,9,ReWashout,9.0,73
-1.464604267,9,ReWashout,9.0,73
-11.5837896,9,ReWashout,9.0,73
-0.948321209,9,ReWashout,9.0,73
-1.02278015,9,ReWashout,9.0,73
-7.083004298,9,ReWashout,10.0,74
-7.843720011,9,ReWashout,10.0,74
-86.75865716,9,ReWashout,10.0,74
-9.016463003,9,ReWashout,10.0,74
-2.996961587,9,ReWashout,10.0,74
-8.041310988,9,ReWashout,10.0,74
